{
  "final_loss": 0.03690032602229097,
  "epoch_losses": [
    0.4851938823053429,
    0.19200872663442078,
    0.14985678764479654,
    0.11010741343436477,
    0.10656375891889806,
    0.0918215297682731,
    0.07356886419694166,
    0.06581399543630378,
    0.058405339013080336,
    0.05133036350797828,
    0.05900122044893267,
    0.047678769310214766,
    0.04671619446981732,
    0.03779091540648526,
    0.03690032602229097
  ],
  "validation_losses": [
    0.2458487174340657,
    0.13836535305849143,
    0.09903577342629433,
    0.10217942576855421,
    0.1415109746158123,
    0.11176177100943667,
    0.09311967502747263,
    0.0625151451677084,
    0.0611339224103306,
    0.05182635208724865,
    0.09962540286194001,
    0.071826988099409,
    0.05097484645167632,
    0.07652476280262428,
    0.054970634036830494
  ],
  "training_time": 2097.064304113388,
  "total_batches": 1665,
  "total_samples": 106410,
  "checkpoint_paths": [
    "phase1_pretraining/checkpoint_epoch_14.pt"
  ],
  "metrics": {
    "total_samples_processed": 106410,
    "total_triplets_created": 51810,
    "checkpoint_saves": 1,
    "training_start_time": 1776815916.672991,
    "training_end_time": 1776818013.7372952
  }
}