{
  "final_loss": 0.46252084930737813,
  "epoch_losses": [
    1.8640199136734008,
    1.4646164846420289,
    1.2761015979448955,
    1.0877007222175599,
    0.9739200603961945,
    0.8513974010944366,
    0.7954679489135742,
    0.6799937736988068,
    0.6660974490642547,
    0.5981527598698934,
    0.5365364009141922,
    0.5444772607088089,
    0.4919503699739774,
    0.43741848985354104,
    0.46252084930737813
  ],
  "validation_losses": [
    1.7082896691102247,
    1.4207097842143133,
    1.260478180188399,
    1.1419782638549805,
    1.0206524729728699,
    0.9871163368225098,
    0.8845564723014832,
    0.9182135921258193,
    0.8161814579596887,
    0.6575618707216703,
    0.7692452233571273,
    0.6828336555224198,
    0.562575523669903,
    0.6185406423532046,
    0.8167512118816376
  ],
  "training_time": 139.10822916030884,
  "total_batches": 1125,
  "total_samples": 72000,
  "checkpoint_paths": [
    "phase1_pretraining/checkpoint_epoch_14.pt"
  ],
  "metrics": {
    "total_samples_processed": 72000,
    "total_triplets_created": 18000,
    "checkpoint_saves": 1,
    "training_start_time": 1776605845.9435918,
    "training_end_time": 1776605985.051821
  }
}