{
  "final_loss": 0.37354549318552016,
  "epoch_losses": [
    1.8455514085292817,
    1.4355285835266114,
    1.17622234582901,
    1.0268137723207473,
    0.8674260860681534,
    0.7302992489933967,
    0.698452222943306,
    0.5766891568899155,
    0.564847546517849,
    0.48520284846425055,
    0.48226514875888826,
    0.458881491869688,
    0.4308965039998293,
    0.41490340750664473,
    0.37354549318552016
  ],
  "validation_losses": [
    1.5939396894895113,
    1.379520819737361,
    1.1297650291369512,
    1.0583513287397532,
    0.9553286524919363,
    0.7789404965364016,
    0.790258879844959,
    0.6572071015834808,
    0.6538291160876935,
    0.6798537350617923,
    0.6169050794381362,
    0.5697839122552139,
    0.6343732613783616,
    0.5843570576264308,
    0.6176586838868948
  ],
  "training_time": 8893.997684001923,
  "total_batches": 1500,
  "total_samples": 96000,
  "checkpoint_paths": [
    "phase1_pretraining/checkpoint_epoch_4.pt",
    "phase1_pretraining/checkpoint_epoch_14.pt",
    "phase1_pretraining/checkpoint_epoch_9.pt"
  ],
  "metrics": {
    "total_samples_processed": 96000,
    "total_triplets_created": 24000,
    "checkpoint_saves": 3,
    "training_start_time": 1776629679.100737,
    "training_end_time": 1776638573.098421
  }
}