{
  "phase": "phase1_contrastive",
  "evaluation_method": "cosine_similarity",
  "optimal_threshold": 0.45999999999999996,
  "metrics": {
    "accuracy": 0.555,
    "precision": 0.34462151394422313,
    "recall": 0.865,
    "f1_score": 0.4928774928774929,
    "auc_roc": 0.706
  },
  "confusion_matrix": {
    "true_positives": 173,
    "true_negatives": 271,
    "false_positives": 329,
    "false_negatives": 27
  },
  "similarity_stats": {
    "positive_mean": 0.8024436831474304,
    "positive_std": 0.06465653330087662,
    "negative_mean": 0.7281707525253296,
    "negative_std": 0.10852830111980438,
    "separation": 0.07427293062210083
  },
  "dataset_size": 800,
  "checkpoint": "phase1_pretraining/best_checkpoint.pt",
  "dataset_path": "preprocess/learning_curve_v7/frac_25/validation.jsonl"
}