{
  "final_loss": 0.5204034706182552,
  "epoch_losses": [
    2.021733484484933,
    1.6668966538978345,
    1.4647882354981971,
    1.3670913495800712,
    1.2340090654113076,
    1.0945801933606465,
    1.0413750021746664,
    0.9203633440263344,
    0.9047236877747558,
    0.8049955023734858,
    0.7146854136477817,
    0.6550823293174758,
    0.5836835066315181,
    0.5866245846969612,
    0.5204034706182552
  ],
  "validation_losses": [
    1.818864385286967,
    1.651263886027866,
    1.4997899797227647,
    1.3312719000710382,
    1.1434647639592488,
    1.2139865159988403,
    1.1261102226045396,
    1.0904187228944566,
    1.0449758900536432,
    0.9007826116349962,
    0.9026796817779541,
    0.8928664293554094,
    0.6446743739975823,
    0.7319397595193651,
    0.7480383945835961
  ],
  "training_time": 3396.21959900856,
  "total_batches": 990,
  "total_samples": 62505,
  "checkpoint_paths": [
    "phase1_pretraining/checkpoint_epoch_14.pt"
  ],
  "metrics": {
    "total_samples_processed": 62505,
    "total_triplets_created": 16365,
    "checkpoint_saves": 1,
    "training_start_time": 1776136839.785568,
    "training_end_time": 1776140236.005167
  }
}