{
  "phase": "phase1_contrastive",
  "evaluation_method": "cosine_similarity",
  "optimal_threshold": 0.54,
  "metrics": {
    "accuracy": 0.551923076923077,
    "precision": 0.34098360655737703,
    "recall": 0.7647058823529411,
    "f1_score": 0.47165532879818595,
    "auc_roc": 0.6636029411764706
  },
  "confusion_matrix": {
    "true_positives": 104,
    "true_negatives": 183,
    "false_positives": 201,
    "false_negatives": 32
  },
  "similarity_stats": {
    "positive_mean": 0.8103776574134827,
    "positive_std": 0.06373769044876099,
    "negative_mean": 0.7634096145629883,
    "negative_std": 0.08361638337373734,
    "separation": 0.046968042850494385
  },
  "dataset_size": 520,
  "checkpoint": "phase1_pretraining/best_checkpoint.pt",
  "dataset_path": "preprocess/learning_curve/frac_50_seed123/validation.jsonl"
}