{
  "phase": "phase1_contrastive",
  "evaluation_method": "cosine_similarity",
  "optimal_threshold": 0.54,
  "metrics": {
    "accuracy": 0.605,
    "precision": 0.3711111111111111,
    "recall": 0.835,
    "f1_score": 0.5138461538461538,
    "auc_roc": 0.7201583333333335
  },
  "confusion_matrix": {
    "true_positives": 167,
    "true_negatives": 317,
    "false_positives": 283,
    "false_negatives": 33
  },
  "similarity_stats": {
    "positive_mean": 0.8192905187606812,
    "positive_std": 0.05782091245055199,
    "negative_mean": 0.7464115619659424,
    "negative_std": 0.10078451037406921,
    "separation": 0.07287895679473877
  },
  "dataset_size": 800,
  "checkpoint": "phase1_pretraining/best_checkpoint.pt",
  "dataset_path": "preprocess/learning_curve_v7/frac_25/validation.jsonl"
}