{
  "phase": "phase1_contrastive",
  "evaluation_method": "cosine_similarity",
  "optimal_threshold": 0.5,
  "metrics": {
    "accuracy": 0.6173076923076923,
    "precision": 0.3917525773195876,
    "recall": 0.8382352941176471,
    "f1_score": 0.5339578454332553,
    "auc_roc": 0.7418811274509804
  },
  "confusion_matrix": {
    "true_positives": 114,
    "true_negatives": 207,
    "false_positives": 177,
    "false_negatives": 22
  },
  "similarity_stats": {
    "positive_mean": 0.7983553409576416,
    "positive_std": 0.053399115800857544,
    "negative_mean": 0.7286064624786377,
    "negative_std": 0.08909253031015396,
    "separation": 0.0697488784790039
  },
  "dataset_size": 520,
  "checkpoint": "phase1_pretraining/best_checkpoint.pt",
  "dataset_path": "preprocess/learning_curve/frac_75/validation.jsonl"
}