{
  "final_loss": 0.9224305234172128,
  "epoch_losses": [
    2.1462406877315408,
    1.813618753895615,
    1.6653990239808054,
    1.4608422210722258,
    1.3351069995851228,
    1.5165660471627207,
    1.412633646618236,
    1.3031518414165035,
    1.231080601612727,
    1.198499610929778,
    1.091535820202394,
    1.0730273335269003,
    1.013827621936798,
    0.9571986248095831,
    0.9224305234172128
  ],
  "validation_losses": [
    2.0002078347735934,
    1.7686523331536188,
    1.6641738944583468,
    1.4977981646855671,
    1.398009843296475,
    1.5727335744433932,
    1.5316741598976984,
    1.5255873203277588,
    1.4477431906594171,
    1.479718612300025,
    1.2977422608269586,
    1.2983108560244243,
    1.0915299256642659,
    1.1923433476024203,
    1.0788631505436368
  ],
  "training_time": 8416.235335111618,
  "total_batches": 990,
  "total_samples": 62505,
  "checkpoint_paths": [
    "phase1_pretraining/checkpoint_epoch_14.pt"
  ],
  "metrics": {
    "total_samples_processed": 62505,
    "total_triplets_created": 16365,
    "checkpoint_saves": 1,
    "training_start_time": 1773269708.2408268,
    "training_end_time": 1773278124.476162
  }
}