{
  "final_loss": 0.6834270545729885,
  "epoch_losses": [
    1.9814721478356256,
    1.706735630830129,
    1.5057563296070806,
    1.4240259020416826,
    1.2372053817466453,
    1.2338496115472581,
    1.1008630477719836,
    1.0449805833675243,
    0.9902028265512652,
    0.9885658494852207,
    0.8256757464949731,
    0.8665926461970365,
    0.8234223552324154,
    0.7744195483348988,
    0.6834270545729885
  ],
  "validation_losses": [
    1.768573005994161,
    1.5677287446127997,
    1.4877278804779053,
    1.3946330414877997,
    1.1848269237412348,
    1.2147194809383817,
    1.2972305284606085,
    1.1217872831556532,
    1.0592531495624118,
    0.9714598523245918,
    0.9588938686582777,
    1.220818387137519,
    1.060516940222846,
    1.108707865079244,
    0.9865550001462301
  ],
  "training_time": 61.10589098930359,
  "total_batches": 405,
  "total_samples": 24990,
  "checkpoint_paths": [
    "phase1_pretraining/checkpoint_epoch_14.pt"
  ],
  "metrics": {
    "total_samples_processed": 24990,
    "total_triplets_created": 6540,
    "checkpoint_saves": 1,
    "training_start_time": 1776227738.192022,
    "training_end_time": 1776227799.297913
  }
}