{
  "phase": "phase1_contrastive",
  "evaluation_method": "cosine_similarity",
  "optimal_threshold": 0.6400000000000001,
  "metrics": {
    "accuracy": 0.551923076923077,
    "precision": 0.3470031545741325,
    "recall": 0.8088235294117647,
    "f1_score": 0.4856512141280353,
    "auc_roc": 0.667202818627451
  },
  "confusion_matrix": {
    "true_positives": 110,
    "true_negatives": 177,
    "false_positives": 207,
    "false_negatives": 26
  },
  "similarity_stats": {
    "positive_mean": 0.8542218208312988,
    "positive_std": 0.04582696408033371,
    "negative_mean": 0.8149563670158386,
    "negative_std": 0.06932877004146576,
    "separation": 0.039265453815460205
  },
  "dataset_size": 520,
  "checkpoint": "phase1_pretraining/best_checkpoint.pt",
  "dataset_path": "preprocess/learning_curve/frac_25/validation.jsonl"
}