{
  "phase": "phase1_contrastive",
  "evaluation_method": "cosine_similarity",
  "optimal_threshold": 0.41999999999999993,
  "metrics": {
    "accuracy": 0.67,
    "precision": 0.4207920792079208,
    "recall": 0.85,
    "f1_score": 0.5629139072847682,
    "auc_roc": 0.7826333333333333
  },
  "confusion_matrix": {
    "true_positives": 170,
    "true_negatives": 366,
    "false_positives": 234,
    "false_negatives": 30
  },
  "similarity_stats": {
    "positive_mean": 0.7796540260314941,
    "positive_std": 0.07029309868812561,
    "negative_mean": 0.6596688628196716,
    "negative_std": 0.12725229561328888,
    "separation": 0.11998516321182251
  },
  "dataset_size": 800,
  "checkpoint": "phase1_pretraining/best_checkpoint.pt",
  "dataset_path": "preprocess/data_splits_v7/validation.jsonl"
}