{
  "final_loss": 0.4594772038134662,
  "epoch_losses": [
    1.8629064722494646,
    1.4564961881348581,
    1.280160982500423,
    1.1345340898542693,
    1.0971330350095576,
    0.9637180702252821,
    0.8645661175251007,
    0.845576191941897,
    0.7641658429620843,
    0.6813042158768936,
    0.6334926630511428,
    0.6310647864346252,
    0.5427683643770941,
    0.5218830932721947,
    0.4594772038134662
  ],
  "validation_losses": [
    1.4501916567484539,
    1.164249340693156,
    1.2301341692606609,
    1.1494753162066143,
    1.019320352209939,
    0.8959934181637235,
    0.8443657689624362,
    0.803104043006897,
    0.8623176084624397,
    0.9706835216946073,
    0.6281014349725511,
    0.7496449483765496,
    0.6449993484550052,
    0.5906398793061575,
    0.7014734612570869
  ],
  "training_time": 61.36832094192505,
  "total_batches": 990,
  "total_samples": 62505,
  "checkpoint_paths": [
    "phase1_pretraining/checkpoint_epoch_14.pt"
  ],
  "metrics": {
    "total_samples_processed": 62505,
    "total_triplets_created": 16365,
    "checkpoint_saves": 1,
    "training_start_time": 1776125110.594881,
    "training_end_time": 1776125171.963202
  }
}