{
  "phase": "phase1_contrastive",
  "evaluation_method": "cosine_similarity",
  "optimal_threshold": 0.7,
  "metrics": {
    "accuracy": 0.5153846153846153,
    "precision": 0.3242424242424242,
    "recall": 0.7867647058823529,
    "f1_score": 0.4592274678111588,
    "auc_roc": 0.6106387867647057
  },
  "confusion_matrix": {
    "true_positives": 107,
    "true_negatives": 161,
    "false_positives": 223,
    "false_negatives": 29
  },
  "similarity_stats": {
    "positive_mean": 0.874247133731842,
    "positive_std": 0.03834572434425354,
    "negative_mean": 0.8563963770866394,
    "negative_std": 0.04736335203051567,
    "separation": 0.017850756645202637
  },
  "dataset_size": 520,
  "checkpoint": "phase1_pretraining/best_checkpoint.pt",
  "dataset_path": "preprocess/learning_curve/frac_10/validation.jsonl"
}