{
  "final_loss": 0.032534956719164176,
  "epoch_losses": [
    0.5133792110928544,
    0.24634526257176656,
    0.18382500816841382,
    0.14742342332327688,
    0.1257465189775905,
    0.09766219469911612,
    0.09458863910556108,
    0.0725550093008457,
    0.06290797937057309,
    0.06263164972869663,
    0.050737181372168635,
    0.04459676688520221,
    0.04407497081351844,
    0.037012508284795596,
    0.032534956719164176
  ],
  "validation_losses": [
    0.31159124949148725,
    0.2270051044012819,
    0.19510068744421005,
    0.13338476472667285,
    0.11369325726159982,
    0.08061153282012258,
    0.06658325384237937,
    0.09328075045985836,
    0.0709741385653615,
    0.06818716933152505,
    0.07057386916130781,
    0.04351328536202865,
    0.04936363348471267,
    0.05006309721751937,
    0.05411413682824267
  ],
  "training_time": 1805.0737080574036,
  "total_batches": 1665,
  "total_samples": 106410,
  "checkpoint_paths": [
    "phase1_pretraining/checkpoint_epoch_14.pt"
  ],
  "metrics": {
    "total_samples_processed": 106410,
    "total_triplets_created": 51810,
    "checkpoint_saves": 1,
    "training_start_time": 1776813931.30753,
    "training_end_time": 1776815736.381238
  }
}