{
  "phase": "phase1_contrastive",
  "evaluation_method": "cosine_similarity",
  "optimal_threshold": -0.14,
  "metrics": {
    "accuracy": 0.46087743102668477,
    "precision": 0.4606334841628959,
    "recall": 1.0,
    "f1_score": 0.630731102850062,
    "auc_roc": 0.5168035709286489
  },
  "confusion_matrix": {
    "true_positives": 1018,
    "true_negatives": 1,
    "false_positives": 1192,
    "false_negatives": 0
  },
  "similarity_stats": {
    "positive_mean": 0.7566821575164795,
    "positive_std": 0.07486797869205475,
    "negative_mean": 0.751770555973053,
    "negative_std": 0.07630255073308945,
    "separation": 0.004911601543426514
  },
  "dataset_size": 2211,
  "checkpoint": "phase1_pretraining/best_checkpoint.pt",
  "dataset_path": "preprocess/alitianchi_splits/validation.jsonl"
}