{
  "phase": "phase1_contrastive",
  "evaluation_method": "cosine_similarity",
  "optimal_threshold": 0.56,
  "metrics": {
    "accuracy": 0.40384615384615385,
    "precision": 0.3013698630136986,
    "recall": 0.9705882352941176,
    "f1_score": 0.45993031358885017,
    "auc_roc": 0.6162683823529412
  },
  "confusion_matrix": {
    "true_positives": 132,
    "true_negatives": 78,
    "false_positives": 306,
    "false_negatives": 4
  },
  "similarity_stats": {
    "positive_mean": 0.849660336971283,
    "positive_std": 0.041850510984659195,
    "negative_mean": 0.8237698674201965,
    "negative_std": 0.059582021087408066,
    "separation": 0.025890469551086426
  },
  "dataset_size": 520,
  "checkpoint": "phase1_pretraining/best_checkpoint.pt",
  "dataset_path": "preprocess/learning_curve/frac_10/validation.jsonl"
}