{
  "final_loss": 1.0731276529175895,
  "epoch_losses": [
    2.2488229955945696,
    1.9998470544815063,
    1.8655013186591012,
    1.726402963910784,
    1.6975598675864083,
    1.5198733806610107,
    1.5345078195844377,
    1.5243833746228899,
    1.259764816079821,
    1.3166877371924264,
    1.3316209316253662,
    1.1702355912753515,
    1.25900741985866,
    1.1990145104272025,
    1.0731276529175895
  ],
  "validation_losses": [
    2.090261035495334,
    1.9022753768497043,
    1.8500266207589044,
    1.9704483085208468,
    1.8194005489349365,
    1.7592724164326985,
    1.7941175566779242,
    1.7115036381615534,
    1.6995954778459337,
    1.668936808904012,
    1.5188289086023967,
    1.712214880519443,
    1.6660309235254924,
    1.6567748520109389,
    1.5056435863176982
  ],
  "training_time": 17.11066484451294,
  "total_batches": 105,
  "total_samples": 6240,
  "checkpoint_paths": [
    "phase1_pretraining/checkpoint_epoch_14.pt"
  ],
  "metrics": {
    "total_samples_processed": 6240,
    "total_triplets_created": 1635,
    "checkpoint_saves": 1,
    "training_start_time": 1775118936.101792,
    "training_end_time": 1775118953.212457
  }
}