{
  "final_loss": 0.7646950853593422,
  "epoch_losses": [
    2.118028351754853,
    1.898850892529343,
    1.662824562101653,
    1.558289470094623,
    1.3885118022109524,
    1.2973887288209163,
    1.2463195649060337,
    1.1337389115131262,
    1.0805636770797498,
    0.987237274646759,
    0.9847572752923677,
    0.9188468727198514,
    0.8323574987324801,
    0.7906313809481534,
    0.7646950853593422
  ],
  "validation_losses": [
    1.8555790450837877,
    1.7058724959691365,
    1.4729677703645494,
    1.6024832328160603,
    1.52873514758216,
    1.294208500120375,
    1.3819824192259047,
    1.3980147110091314,
    1.26558604505327,
    1.1995259722073872,
    1.0194945931434631,
    1.0819483995437622,
    0.9406591587596469,
    1.0697782569461398,
    1.0333524809943304
  ],
  "training_time": 1373.0717792510986,
  "total_batches": 495,
  "total_samples": 31230,
  "checkpoint_paths": [
    "phase1_pretraining/checkpoint_epoch_14.pt"
  ],
  "metrics": {
    "total_samples_processed": 31230,
    "total_triplets_created": 8175,
    "checkpoint_saves": 1,
    "training_start_time": 1776109089.4108968,
    "training_end_time": 1776110462.482676
  }
}