{
  "final_loss": 1.0170148313045502,
  "epoch_losses": [
    2.2393979907035826,
    2.1117675423622133,
    2.0046342611312866,
    1.6932765245437622,
    1.6310665249824523,
    1.5987969279289245,
    1.5569154262542724,
    1.3739325642585754,
    1.2539671301841735,
    1.2326728761196137,
    1.1503077626228333,
    1.1727478802204132,
    1.2108152866363526,
    1.0406049728393554,
    1.0170148313045502
  ],
  "validation_losses": [
    2.199813439295842,
    2.070319285759559,
    2.069316570575421,
    2.063450657404386,
    1.8219786240504339,
    1.8068249500714815,
    1.7792145380607018,
    1.6630616738246038,
    1.7248856746233427,
    1.6409835540331328,
    1.6966285430468047,
    1.6421545285444994,
    1.6055978353206928,
    1.5520748083408062,
    1.7130446113072908
  ],
  "training_time": 1395.8776001930237,
  "total_batches": 150,
  "total_samples": 9600,
  "checkpoint_paths": [
    "phase1_pretraining/checkpoint_epoch_14.pt"
  ],
  "metrics": {
    "total_samples_processed": 9600,
    "total_triplets_created": 2400,
    "checkpoint_saves": 1,
    "training_start_time": 1776697693.0995,
    "training_end_time": 1776699088.9771001
  }
}