{
  "final_loss": 0.4478314808202964,
  "epoch_losses": [
    1.8455938317558982,
    1.4198240601655208,
    1.205342181704261,
    1.1649072396032738,
    1.0260937981533282,
    0.9103771168174166,
    0.8409096219322898,
    0.7720871910904393,
    0.6923816815921755,
    0.6347652319254298,
    0.6121071906703891,
    0.5398671717354746,
    0.47440056107712514,
    0.45999862231088406,
    0.4478314808202964
  ],
  "validation_losses": [
    1.4541137880749173,
    1.221636798646715,
    1.1203468375735812,
    0.9723550081253052,
    0.9613477124108208,
    0.9210742115974426,
    0.8734425902366638,
    0.8020468850930532,
    0.7633359233538309,
    0.8558663858307732,
    0.7083490755822923,
    0.7217382391293844,
    0.7200298739804162,
    0.5852054191960229,
    0.5872407919830747
  ],
  "training_time": 60.586413860321045,
  "total_batches": 990,
  "total_samples": 62505,
  "checkpoint_paths": [
    "phase1_pretraining/checkpoint_epoch_14.pt"
  ],
  "metrics": {
    "total_samples_processed": 62505,
    "total_triplets_created": 16365,
    "checkpoint_saves": 1,
    "training_start_time": 1776131237.316142,
    "training_end_time": 1776131297.902556
  }
}