{
  "final_loss": 1.6297778402056013,
  "epoch_losses": [
    2.290957910673959,
    1.9197201217923845,
    2.084427969796317,
    1.9223660741533553,
    1.794236183166504,
    2.1338632787976946,
    2.085982050214495,
    1.9911784444536482,
    2.01633506161826,
    1.6767330510275704,
    1.8207414831433977,
    1.884474515914917,
    1.8004884208951677,
    1.727255003792899,
    1.6297778402056013
  ],
  "validation_losses": [
    2.2162229352527194,
    2.1922647953033447,
    2.1520134607950845,
    2.129020611445109,
    1.9410759210586548,
    2.346417638990614,
    2.2372668186823526,
    2.340359820259942,
    2.4192258384492664,
    2.2896617650985718,
    2.075328138139513,
    2.262627429432339,
    2.169401446978251,
    2.1017837127049765,
    2.4063300026787653
  ],
  "training_time": 448.9831910133362,
  "total_batches": 105,
  "total_samples": 6240,
  "checkpoint_paths": [
    "phase1_pretraining/checkpoint_epoch_14.pt"
  ],
  "metrics": {
    "total_samples_processed": 6240,
    "total_triplets_created": 1635,
    "checkpoint_saves": 1,
    "training_start_time": 1773294099.6909719,
    "training_end_time": 1773294548.6741629
  }
}