{
  "phase": "phase1_contrastive",
  "evaluation_method": "cosine_similarity",
  "optimal_threshold": 0.43999999999999995,
  "metrics": {
    "accuracy": 0.5269230769230769,
    "precision": 0.34375,
    "recall": 0.8897058823529411,
    "f1_score": 0.4959016393442623,
    "auc_roc": 0.6998697916666666
  },
  "confusion_matrix": {
    "true_positives": 121,
    "true_negatives": 153,
    "false_positives": 231,
    "false_negatives": 15
  },
  "similarity_stats": {
    "positive_mean": 0.7990169525146484,
    "positive_std": 0.060676831752061844,
    "negative_mean": 0.7343535423278809,
    "negative_std": 0.09789387881755829,
    "separation": 0.06466341018676758
  },
  "dataset_size": 520,
  "checkpoint": "phase1_pretraining/best_checkpoint.pt",
  "dataset_path": "preprocess/learning_curve_nested/frac_80/validation.jsonl"
}