{
  "phase": "phase1_contrastive",
  "evaluation_method": "cosine_similarity",
  "optimal_threshold": 0.48,
  "metrics": {
    "accuracy": 0.5442307692307692,
    "precision": 0.3519061583577713,
    "recall": 0.8823529411764706,
    "f1_score": 0.5031446540880503,
    "auc_roc": 0.7153416053921567
  },
  "confusion_matrix": {
    "true_positives": 120,
    "true_negatives": 163,
    "false_positives": 221,
    "false_negatives": 16
  },
  "similarity_stats": {
    "positive_mean": 0.8068843483924866,
    "positive_std": 0.05460936948657036,
    "negative_mean": 0.7467226982116699,
    "negative_std": 0.08523056656122208,
    "separation": 0.06016165018081665
  },
  "dataset_size": 520,
  "checkpoint": "phase1_pretraining/best_checkpoint.pt",
  "dataset_path": "preprocess/data_splits_v6/validation.jsonl"
}