{
  "phase": "phase1_contrastive",
  "evaluation_method": "cosine_similarity",
  "optimal_threshold": 0.5,
  "metrics": {
    "accuracy": 0.5557692307692308,
    "precision": 0.3590504451038576,
    "recall": 0.8897058823529411,
    "f1_score": 0.5116279069767442,
    "auc_roc": 0.7131395526960784
  },
  "confusion_matrix": {
    "true_positives": 121,
    "true_negatives": 168,
    "false_positives": 216,
    "false_negatives": 15
  },
  "similarity_stats": {
    "positive_mean": 0.8209458589553833,
    "positive_std": 0.05577586591243744,
    "negative_mean": 0.7534266114234924,
    "negative_std": 0.09746275097131729,
    "separation": 0.06751924753189087
  },
  "dataset_size": 520,
  "checkpoint": "phase1_pretraining/best_checkpoint.pt",
  "dataset_path": "preprocess/data_splits_v6/validation.jsonl"
}