{
  "final_loss": 0.5038280505122561,
  "epoch_losses": [
    1.9820486036213962,
    1.708084599538283,
    1.518444855104793,
    1.322642650568124,
    1.1878135497822906,
    1.169703600984631,
    1.0354486082990964,
    0.9051347772280375,
    0.8826054790706346,
    0.7815166495063088,
    0.7528894410440417,
    0.6757435060360215,
    0.5885633648740072,
    0.5560868024600275,
    0.5038280505122561
  ],
  "validation_losses": [
    1.8837068610721164,
    1.6405627462599013,
    1.3819610807630751,
    1.2787745263841417,
    1.2107038630379572,
    1.2536763151486714,
    1.0246176918347676,
    1.017778800593482,
    0.9374487929873996,
    1.0046514868736267,
    1.0309424532784357,
    0.893252882692549,
    0.8272016512023078,
    0.754059890906016,
    0.6876626975006528
  ],
  "training_time": 6384.7412939071655,
  "total_batches": 990,
  "total_samples": 62505,
  "checkpoint_paths": [
    "phase1_pretraining/checkpoint_epoch_14.pt"
  ],
  "metrics": {
    "total_samples_processed": 62505,
    "total_triplets_created": 16365,
    "checkpoint_saves": 1,
    "training_start_time": 1776092272.0321012,
    "training_end_time": 1776098656.773395
  }
}