{
  "final_loss": 0.5927143352773955,
  "epoch_losses": [
    2.059690255039143,
    1.6790809159008961,
    1.5312798832947354,
    1.4047686367664698,
    1.2452149020051055,
    1.1509273074707895,
    1.0238671763887945,
    0.9732308758879608,
    0.8715514984895598,
    0.8573875438492253,
    0.7695515656246329,
    0.7127574013089234,
    0.6638629238279361,
    0.621855265267615,
    0.5927143352773955
  ],
  "validation_losses": [
    1.913660963376363,
    1.6217034260431926,
    1.535393198331197,
    1.3440842496024237,
    1.2846573061413236,
    1.28495587905248,
    1.2154399620162115,
    1.3036550283432007,
    1.1200600465138753,
    0.9789927535586886,
    1.0293459296226501,
    0.8430662486288283,
    0.9321372244093153,
    0.9241229295730591,
    0.8278424640496572
  ],
  "training_time": 2504.7075719833374,
  "total_batches": 795,
  "total_samples": 49980,
  "checkpoint_paths": [
    "phase1_pretraining/checkpoint_epoch_14.pt"
  ],
  "metrics": {
    "total_samples_processed": 49980,
    "total_triplets_created": 13080,
    "checkpoint_saves": 1,
    "training_start_time": 1776281987.852702,
    "training_end_time": 1776284492.560274
  }
}