{
  "phase": "phase1_contrastive",
  "evaluation_method": "cosine_similarity",
  "optimal_threshold": 0.43999999999999995,
  "metrics": {
    "accuracy": 0.57375,
    "precision": 0.3522012578616352,
    "recall": 0.84,
    "f1_score": 0.4963072378138848,
    "auc_roc": 0.7135833333333335
  },
  "confusion_matrix": {
    "true_positives": 168,
    "true_negatives": 291,
    "false_positives": 309,
    "false_negatives": 32
  },
  "similarity_stats": {
    "positive_mean": 0.7836582660675049,
    "positive_std": 0.06300442665815353,
    "negative_mean": 0.7102928757667542,
    "negative_std": 0.10089889168739319,
    "separation": 0.07336539030075073
  },
  "dataset_size": 800,
  "checkpoint": "phase1_pretraining/best_checkpoint.pt",
  "dataset_path": "preprocess/learning_curve_v7/frac_25/validation.jsonl"
}