{
  "final_loss": 0.485854911029554,
  "epoch_losses": [
    1.6968823034410443,
    1.418886384593881,
    1.2923753585410893,
    1.2074206316514136,
    1.1210162207107681,
    1.0311008183964754,
    0.955912950452054,
    0.8846027870470866,
    0.8045815476603027,
    0.7246483635923923,
    0.6672415347628645,
    0.6303685506543528,
    0.5778616936843748,
    0.5322196950550975,
    0.485854911029554
  ],
  "validation_losses": [
    1.5216708660125733,
    1.3394681010927474,
    1.3033348390034267,
    1.1954919934272765,
    1.1376832723617554,
    1.058523200239454,
    0.9744798677308218,
    0.9514737520899091,
    0.8470651507377625,
    0.7845950407641274,
    0.6859351907457624,
    0.6774501655782972,
    0.6295595220157079,
    0.5358884517635618,
    0.5204875929015024
  ],
  "training_time": 65168.05176091194,
  "total_batches": 4155,
  "total_samples": 264990,
  "checkpoint_paths": [
    "phase1_pretraining/checkpoint_epoch_14.pt"
  ],
  "metrics": {
    "total_samples_processed": 264990,
    "total_triplets_created": 122055,
    "checkpoint_saves": 1,
    "training_start_time": 1775342477.937829,
    "training_end_time": 1775407645.98959
  }
}