{
  "final_loss": 0.5064410173892975,
  "epoch_losses": [
    1.9764536070823668,
    1.5446869611740113,
    1.3692048394680023,
    1.2435579347610473,
    1.1393946611881256,
    0.9708106791973115,
    0.9481876540184021,
    0.836918671131134,
    0.7589186865091324,
    0.7274832659959793,
    0.6767201954126358,
    0.6425777199864388,
    0.572507129907608,
    0.5283499109745026,
    0.5064410173892975
  ],
  "validation_losses": [
    1.7257397449933565,
    1.4711720393254206,
    1.4416759380927453,
    1.2119915026884813,
    1.161783488897177,
    1.1182998693906343,
    1.1822027197250953,
    0.9639620459996737,
    0.9622245843593891,
    0.9559848881684817,
    0.9021638815219586,
    0.7734569265292242,
    0.7376705224697406,
    0.7716783995811756,
    0.802472309424327
  ],
  "training_time": 138.21405911445618,
  "total_batches": 750,
  "total_samples": 48000,
  "checkpoint_paths": [
    "phase1_pretraining/checkpoint_epoch_14.pt",
    "phase1_pretraining/checkpoint_epoch_9.pt"
  ],
  "metrics": {
    "total_samples_processed": 48000,
    "total_triplets_created": 12000,
    "checkpoint_saves": 2,
    "training_start_time": 1776614917.308699,
    "training_end_time": 1776615055.522758
  }
}