{
  "final_loss": 0.5045062582375426,
  "epoch_losses": [
    2.0157468463435317,
    1.6282127084154072,
    1.4316569458354602,
    1.2963136281027938,
    1.1859898151773396,
    1.097540301806999,
    0.9822562738801494,
    0.9187385173458041,
    0.8692187120517095,
    0.7660595336646745,
    0.7031226357953115,
    0.6076558210858793,
    0.5827857780862938,
    0.5349072907966647,
    0.5045062582375426
  ],
  "validation_losses": [
    1.7997608449723985,
    1.567606144481235,
    1.439402249124315,
    1.301073776351081,
    1.1468899581167433,
    1.159979846742418,
    1.1043476396136813,
    0.9875108400980631,
    0.996934003300137,
    0.9134961035516527,
    0.8329001234637367,
    0.7814922233422598,
    0.8177750243080987,
    0.8527272972795699,
    0.7937803930706449
  ],
  "training_time": 3253.955887079239,
  "total_batches": 990,
  "total_samples": 62505,
  "checkpoint_paths": [
    "phase1_pretraining/checkpoint_epoch_14.pt"
  ],
  "metrics": {
    "total_samples_processed": 62505,
    "total_triplets_created": 16365,
    "checkpoint_saves": 1,
    "training_start_time": 1776289446.756926,
    "training_end_time": 1776292700.7128131
  }
}