{
  "phase": "phase1_contrastive",
  "evaluation_method": "cosine_similarity",
  "optimal_threshold": 0.52,
  "metrics": {
    "accuracy": 0.6076923076923076,
    "precision": 0.38513513513513514,
    "recall": 0.8382352941176471,
    "f1_score": 0.5277777777777778,
    "auc_roc": 0.7240923713235294
  },
  "confusion_matrix": {
    "true_positives": 114,
    "true_negatives": 202,
    "false_positives": 182,
    "false_negatives": 22
  },
  "similarity_stats": {
    "positive_mean": 0.8190324306488037,
    "positive_std": 0.0625302717089653,
    "negative_mean": 0.7399465441703796,
    "negative_std": 0.105603888630867,
    "separation": 0.07908588647842407
  },
  "dataset_size": 520,
  "checkpoint": "phase1_pretraining/best_checkpoint.pt",
  "dataset_path": "preprocess/data_splits_v6/validation.jsonl"
}