{
  "ordinal_v3": {
    "tier_stats": {
      "good_fit": {
        "count": 136,
        "mean": 0.6460435390472412,
        "std": 0.10697252303361893,
        "median": 0.6626846790313721,
        "min": 0.3030620217323303,
        "max": 0.8264864087104797
      },
      "potential_fit": {
        "count": 114,
        "mean": 0.5833199620246887,
        "std": 0.14376863837242126,
        "median": 0.6244890093803406,
        "min": 0.18593895435333252,
        "max": 0.8257686495780945
      },
      "no_fit": {
        "count": 270,
        "mean": 0.47041720151901245,
        "std": 0.20977060496807098,
        "median": 0.5113561153411865,
        "min": -0.16358321905136108,
        "max": 0.8309594988822937
      }
    },
    "separations": {
      "good_vs_potential": {
        "mean_diff": 0.06272357702255249,
        "cohens_d": 0.49937307834625244,
        "mannwhitney_p": 0.0003395034468890774
      },
      "potential_vs_no": {
        "mean_diff": 0.11290276050567627,
        "cohens_d": 0.5848199725151062,
        "mannwhitney_p": 3.407263460999566e-07
      },
      "good_vs_no": {
        "mean_diff": 0.17562633752822876,
        "cohens_d": 0.9629968404769897,
        "mannwhitney_p": 3.434756397893994e-18
      }
    },
    "pairwise_ordering": {
      "good_above_potential": 0.6248065015479877,
      "potential_above_no": 0.6603638726445744,
      "good_above_no": 0.761900871459695
    },
    "ordinal_triplet_accuracy": 0.3498,
    "kendalls_tau": {
      "tau": 0.3115967287843307,
      "p_value": 6.287908057950293e-20
    },
    "spearmans_rho": {
      "rho": 0.3966460872746162,
      "p_value": 4.8679988421844805e-21
    },
    "three_class_auc_ovr": 0.6456035181781047,
    "binary_aucs": {
      "good_vs_rest": 0.7212105545343137,
      "potential_vs_no": 0.6603638726445744,
      "good_vs_potential": 0.6248387512899897
    },
    "classification": {
      "optimal_thresholds": {
        "t_high": 0.7000000000000004,
        "t_low": 0.7000000000000001
      },
      "accuracy": 0.5634615384615385,
      "macro_f1": 0.376601952529505,
      "weighted_f1": 0.47756517039007873,
      "per_class": {
        "good_fit": {
          "precision": 0.4857142857142857,
          "recall": 0.375,
          "f1": 0.42323651452282157,
          "support": 136.0
        },
        "potential_fit": {
          "precision": 0.0,
          "recall": 0.0,
          "f1": 0.0,
          "support": 114.0
        },
        "no_fit": {
          "precision": 0.5831325301204819,
          "recall": 0.8962962962962963,
          "f1": 0.7065693430656934,
          "support": 270.0
        }
      },
      "exact_accuracy": 0.5634615384615385,
      "adjacent_accuracy": 0.7826923076923077,
      "ordinal_mae": 0.6538461538461539,
      "confusion_matrix": {
        "true_good_fit_pred_good_fit": 51,
        "true_good_fit_pred_potential_fit": 0,
        "true_good_fit_pred_no_fit": 85,
        "true_potential_fit_pred_good_fit": 26,
        "true_potential_fit_pred_potential_fit": 0,
        "true_potential_fit_pred_no_fit": 88,
        "true_no_fit_pred_good_fit": 28,
        "true_no_fit_pred_potential_fit": 0,
        "true_no_fit_pred_no_fit": 242
      }
    },
    "ranking": {
      "ndcg_full": 0.8499102508741123,
      "ndcg@10": 0.48484502894854486,
      "ndcg@20": 0.552974485523771,
      "ndcg@50": 0.564186207021527,
      "map_broad": 0.6537915271994563,
      "map_strict": 0.43226216065676276,
      "weighted_map": 0.6569313506426533,
      "precisions_at_k": {
        "p@5_broad": 0.6,
        "p@5_strict": 0.2,
        "p@5_weighted": 0.4,
        "p@10_broad": 0.7,
        "p@10_strict": 0.5,
        "p@10_weighted": 0.6,
        "p@20_broad": 0.75,
        "p@20_strict": 0.55,
        "p@20_weighted": 0.65,
        "p@50_broad": 0.72,
        "p@50_strict": 0.54,
        "p@50_weighted": 0.63
      }
    }
  }
}