{
  "final_loss": 0.23053437247872352,
  "epoch_losses": [
    1.2067175710201263,
    0.8755513095855713,
    0.7722803634405137,
    0.6275251051783561,
    0.5173716214299202,
    0.4595872589945793,
    0.40214378356933594,
    0.36002596236765383,
    0.3417849987745285,
    0.3181912500411272,
    0.2852077305316925,
    0.25537138372659685,
    0.2576191607862711,
    0.24163392312824727,
    0.23053437247872352
  ],
  "validation_losses": [
    1.030300117455996,
    0.8469589856954721,
    0.6761871851407565,
    0.5899010575734652,
    0.5320747150824621,
    0.4632836144704085,
    0.4824219735769125,
    0.40941088245465207,
    0.42372022798428166,
    0.3273977344998947,
    0.31513716738957626,
    0.3648356909935291,
    0.3544956525930992,
    0.32744725850912243,
    0.3286199758832271
  ],
  "training_time": 9909.312920093536,
  "total_batches": 1500,
  "total_samples": 96000,
  "checkpoint_paths": [
    "phase1_pretraining/checkpoint_epoch_4.pt",
    "phase1_pretraining/checkpoint_epoch_14.pt",
    "phase1_pretraining/checkpoint_epoch_9.pt"
  ],
  "metrics": {
    "total_samples_processed": 96000,
    "total_triplets_created": 24000,
    "checkpoint_saves": 3,
    "training_start_time": 1776640008.532469,
    "training_end_time": 1776649917.8453891
  }
}