{
  "phase": "phase1_contrastive",
  "evaluation_method": "cosine_similarity",
  "optimal_threshold": 0.48,
  "metrics": {
    "accuracy": 0.5769230769230769,
    "precision": 0.37116564417177916,
    "recall": 0.8897058823529411,
    "f1_score": 0.5238095238095238,
    "auc_roc": 0.7103056066176472
  },
  "confusion_matrix": {
    "true_positives": 121,
    "true_negatives": 179,
    "false_positives": 205,
    "false_negatives": 15
  },
  "similarity_stats": {
    "positive_mean": 0.8065155148506165,
    "positive_std": 0.06129002198576927,
    "negative_mean": 0.7344027161598206,
    "negative_std": 0.10483263432979584,
    "separation": 0.0721127986907959
  },
  "dataset_size": 520,
  "checkpoint": "phase1_pretraining/best_checkpoint.pt",
  "dataset_path": "preprocess/data_splits_v6/validation.jsonl"
}