{
  "final_loss": 0.7727236896753311,
  "epoch_losses": [
    2.022291174641362,
    1.771911585772479,
    1.6960604544039126,
    1.494703072088736,
    1.456216832002004,
    1.3006779706036602,
    1.3329059415393405,
    1.2025459165926333,
    1.1119700714393899,
    1.124399761358897,
    1.001299054534347,
    0.9390760323515644,
    0.8826268679565854,
    0.8690866391967844,
    0.7727236896753311
  ],
  "validation_losses": [
    2.1002749734454684,
    1.835523870256212,
    1.7076941861046686,
    1.4350277847713895,
    1.5723210440741644,
    1.413738979233636,
    1.5188629892137315,
    1.3487126231193542,
    1.2811237970987956,
    1.4038450717926025,
    1.3555058704482184,
    1.3382132715649075,
    1.1756164497799344,
    1.2414289381768968,
    1.1983642909261916
  ],
  "training_time": 1013.8035640716553,
  "total_batches": 405,
  "total_samples": 24990,
  "checkpoint_paths": [
    "phase1_pretraining/checkpoint_epoch_14.pt"
  ],
  "metrics": {
    "total_samples_processed": 24990,
    "total_triplets_created": 6540,
    "checkpoint_saves": 1,
    "training_start_time": 1776228144.455335,
    "training_end_time": 1776229158.258899
  }
}