{
  "final_loss": 1.358779556611005,
  "epoch_losses": [
    2.4016824329600617,
    2.1941456093507656,
    1.9370382743723251,
    1.8629458301207598,
    1.8162774899426628,
    1.900838992174934,
    1.8183453363530777,
    1.8522891577552347,
    1.7340897952809053,
    1.6864058235112358,
    1.5692353213534636,
    1.5775264501571655,
    1.3974745028159197,
    1.3324299770243027,
    1.358779556611005
  ],
  "validation_losses": [
    2.3146100574069552,
    2.1280994415283203,
    2.079150848918491,
    1.9460811614990234,
    1.9619013733334012,
    2.1173932022518582,
    2.0211474233203464,
    1.9792041778564453,
    2.009610401259528,
    1.9257870647642348,
    1.8542067607243855,
    1.9830913941065471,
    1.9054727024502225,
    1.9156384732988145,
    1.8538320991728041
  ],
  "training_time": 1190.3365941047668,
  "total_batches": 255,
  "total_samples": 15600,
  "checkpoint_paths": [
    "phase1_pretraining/checkpoint_epoch_14.pt"
  ],
  "metrics": {
    "total_samples_processed": 15600,
    "total_triplets_created": 4080,
    "checkpoint_saves": 1,
    "training_start_time": 1773297415.591091,
    "training_end_time": 1773298605.927685
  }
}