{
  "final_loss": 0.5457923573498823,
  "epoch_losses": [
    1.8821940580192877,
    1.5874035942311189,
    1.3886386010111595,
    1.2702063297738835,
    1.1381301466299563,
    1.0707716722877658,
    1.0006616103405854,
    0.8756147981906424,
    0.8106906097762439,
    0.7477360927328771,
    0.7158969835359223,
    0.6745550072922999,
    0.6080020459330812,
    0.582929469797076,
    0.5457923573498823
  ],
  "validation_losses": [
    1.6586543983883328,
    1.560916092660692,
    1.2536122401555378,
    1.0200141204728022,
    0.9730577402644687,
    1.0608690182367961,
    1.0518202185630798,
    0.9524981644418504,
    0.7742716372013092,
    0.7941210203700595,
    0.8377028869258033,
    0.8269003795252906,
    0.68510060177909,
    0.7264241675535837,
    0.5910268558396233
  ],
  "training_time": 47.00136923789978,
  "total_batches": 735,
  "total_samples": 46860,
  "checkpoint_paths": [
    "phase1_pretraining/checkpoint_epoch_14.pt"
  ],
  "metrics": {
    "total_samples_processed": 46860,
    "total_triplets_created": 12270,
    "checkpoint_saves": 1,
    "training_start_time": 1775141882.4138439,
    "training_end_time": 1775141929.415213
  }
}