{
  "phase": "phase1_contrastive",
  "evaluation_method": "cosine_similarity",
  "optimal_threshold": 0.45999999999999996,
  "metrics": {
    "accuracy": 0.5692307692307692,
    "precision": 0.3713450292397661,
    "recall": 0.9338235294117647,
    "f1_score": 0.5313807531380753,
    "auc_roc": 0.7141161151960783
  },
  "confusion_matrix": {
    "true_positives": 127,
    "true_negatives": 169,
    "false_positives": 215,
    "false_negatives": 9
  },
  "similarity_stats": {
    "positive_mean": 0.8117643594741821,
    "positive_std": 0.0574311688542366,
    "negative_mean": 0.7308875918388367,
    "negative_std": 0.1132279634475708,
    "separation": 0.08087676763534546
  },
  "dataset_size": 520,
  "checkpoint": "phase1_pretraining/best_checkpoint.pt",
  "dataset_path": "preprocess/data_splits_v6/validation.jsonl"
}