{
  "final_loss": 0.42376034051179884,
  "epoch_losses": [
    1.8183415444691975,
    1.496484554608663,
    1.2893430105845134,
    1.131844590504964,
    0.9789042822519938,
    0.8827091213067373,
    0.8026927224795024,
    0.7001472874482473,
    0.652028622229894,
    0.5772306561470032,
    0.5336911412080129,
    0.5281041822830836,
    0.4894795654217402,
    0.4738092324634393,
    0.42376034051179884
  ],
  "validation_losses": [
    1.7340169686537523,
    1.488812574973473,
    1.2785670390495887,
    1.3461308937806349,
    1.0487778645295363,
    0.9683447388502268,
    0.8778252280675448,
    0.8726884837333972,
    0.7962691485881805,
    0.732663305906149,
    0.806898330266659,
    0.7240050297517043,
    0.6093345410548724,
    0.6893679109903482,
    0.6913470740501697
  ],
  "training_time": 5541.567238330841,
  "total_batches": 1125,
  "total_samples": 72000,
  "checkpoint_paths": [
    "phase1_pretraining/checkpoint_epoch_14.pt"
  ],
  "metrics": {
    "total_samples_processed": 72000,
    "total_triplets_created": 18000,
    "checkpoint_saves": 1,
    "training_start_time": 1776634131.7830732,
    "training_end_time": 1776639673.3503115
  }
}