{
  "final_loss": 0.6355615357557932,
  "epoch_losses": [
    1.9277164683197483,
    1.6928278099406848,
    1.4854663718830456,
    1.323047814947186,
    1.2317144455331746,
    1.135195988597292,
    1.0672790209452312,
    1.0043619600209324,
    0.9139087037606672,
    0.8889200380354216,
    0.831347545891097,
    0.7957879042986667,
    0.7368739184105035,
    0.7211504461187305,
    0.6355615357557932
  ],
  "validation_losses": [
    1.8142381244235568,
    1.5570841895209417,
    1.4625089036093817,
    1.423911862903171,
    1.1937141219774883,
    1.161522302362654,
    1.2372075981563992,
    1.0269199411074321,
    1.066203276316325,
    0.9762957957055833,
    1.149380664030711,
    0.9531010256873237,
    0.9488543536927965,
    0.9050903220971426,
    1.0280724167823792
  ],
  "training_time": 34.199535846710205,
  "total_batches": 495,
  "total_samples": 31230,
  "checkpoint_paths": [
    "phase1_pretraining/checkpoint_epoch_14.pt"
  ],
  "metrics": {
    "total_samples_processed": 31230,
    "total_triplets_created": 8175,
    "checkpoint_saves": 1,
    "training_start_time": 1776132224.876815,
    "training_end_time": 1776132259.076351
  }
}