{
  "final_loss": 0.8897894483346206,
  "epoch_losses": [
    1.9053658246994019,
    1.7169187435737023,
    1.5318991771111121,
    1.4207463906361506,
    1.400900308902447,
    1.4140994961445148,
    1.2607555710352385,
    1.2312457378094013,
    1.0548316469559302,
    1.166070818901062,
    1.0451193818679223,
    1.0404262175926795,
    1.0144988481815045,
    0.8910450018369235,
    0.8897894483346206
  ],
  "validation_losses": [
    1.7024898926417034,
    1.7037662665049236,
    1.5778287914064195,
    1.597646137078603,
    1.5141487916310628,
    1.5236354536480374,
    1.4400424427456326,
    1.399365292655097,
    1.25942771964603,
    1.4555774132410686,
    1.2717260983255174,
    1.2625573310587141,
    1.3055965105692546,
    1.328484250439538,
    1.4073680705494351
  ],
  "training_time": 19.935312747955322,
  "total_batches": 210,
  "total_samples": 12480,
  "checkpoint_paths": [
    "phase1_pretraining/checkpoint_epoch_14.pt"
  ],
  "metrics": {
    "total_samples_processed": 12480,
    "total_triplets_created": 3270,
    "checkpoint_saves": 1,
    "training_start_time": 1776226367.947978,
    "training_end_time": 1776226387.8832908
  }
}