{
  "final_loss": 0.8059563031563393,
  "epoch_losses": [
    2.143178994839008,
    1.7848038068184486,
    1.5597217009617732,
    1.3927775016197792,
    1.2806160541681142,
    1.428073947246258,
    1.303208407988915,
    1.2099308527432955,
    1.1114765011347256,
    1.0715320192850553,
    0.9975507268538841,
    0.9172317394843468,
    0.9012193945737985,
    0.8883231474803044,
    0.8059563031563393
  ],
  "validation_losses": [
    1.8103452622890472,
    1.7088661640882492,
    1.5487421751022339,
    1.3872565031051636,
    1.4099490195512772,
    1.5660475045442581,
    1.5644589364528656,
    1.518517129123211,
    1.3608688712120056,
    1.3857078403234482,
    1.3289427906274796,
    1.3656134605407715,
    1.3854835331439972,
    1.274959035217762,
    1.294128343462944
  ],
  "training_time": 1101.597414970398,
  "total_batches": 975,
  "total_samples": 62130,
  "checkpoint_paths": [
    "phase1_pretraining/checkpoint_epoch_14.pt"
  ],
  "metrics": {
    "total_samples_processed": 62130,
    "total_triplets_created": 16230,
    "checkpoint_saves": 1,
    "training_start_time": 1772758648.511341,
    "training_end_time": 1772759750.108756
  }
}