{
  "phase": "phase1_contrastive",
  "evaluation_method": "cosine_similarity",
  "optimal_threshold": 0.5,
  "metrics": {
    "accuracy": 0.6269230769230769,
    "precision": 0.39097744360902253,
    "recall": 0.7647058823529411,
    "f1_score": 0.5174129353233831,
    "auc_roc": 0.6830384497549019
  },
  "confusion_matrix": {
    "true_positives": 104,
    "true_negatives": 222,
    "false_positives": 162,
    "false_negatives": 32
  },
  "similarity_stats": {
    "positive_mean": 0.7863158583641052,
    "positive_std": 0.06979697942733765,
    "negative_mean": 0.7259736657142639,
    "negative_std": 0.09976611286401749,
    "separation": 0.06034219264984131
  },
  "dataset_size": 520,
  "checkpoint": "phase1_pretraining/best_checkpoint.pt",
  "dataset_path": "preprocess/learning_curve_nested/frac_80/validation.jsonl"
}