{
  "final_loss": 0.5302146473526954,
  "epoch_losses": [
    2.0603895449638365,
    1.6864299583435058,
    1.4484780955314636,
    1.308230415582657,
    1.1885120534896851,
    1.0892636358737946,
    0.9483194816112518,
    0.8799471259117126,
    0.8497354364395142,
    0.7438396775722503,
    0.6462369817495346,
    0.6523102080821991,
    0.5715909630060196,
    0.5660767403244972,
    0.5302146473526954
  ],
  "validation_losses": [
    1.960507475412809,
    1.6170881069623506,
    1.4941976345502412,
    1.349882538502033,
    1.3195449664042547,
    1.1360936990151038,
    Infinity,
    0.9266165724167457,
    1.0372672860439007,
    0.8750014305114746,
    0.9141149337475116,
    0.8591434497099656,
    0.882307570714217,
    0.7658795439279996,
    0.7537128673149989
  ],
  "training_time": 6321.558463096619,
  "total_batches": 750,
  "total_samples": 48000,
  "checkpoint_paths": [
    "phase1_pretraining/checkpoint_epoch_14.pt",
    "phase1_pretraining/checkpoint_epoch_9.pt"
  ],
  "metrics": {
    "total_samples_processed": 48000,
    "total_triplets_created": 12000,
    "checkpoint_saves": 2,
    "training_start_time": 1776618298.970957,
    "training_end_time": 1776624620.5294201
  }
}