{
  "final_loss": 1.5859225988388062,
  "epoch_losses": [
    2.39491263457707,
    2.339537807873317,
    2.1112183332443237,
    2.1045530353273665,
    1.994182791028704,
    2.031228406088693,
    2.155164292880467,
    2.082270622253418,
    1.8801219803946358,
    1.793171031134469,
    1.8259402343205042,
    1.7505804470607214,
    1.7716973679406303,
    1.7462536948067802,
    1.5859225988388062
  ],
  "validation_losses": [
    2.3766586913002863,
    2.5424189302656384,
    2.2359841929541693,
    2.165855288505554,
    2.201980776256985,
    2.5108244154188366,
    2.3168400128682456,
    2.3852661583158703,
    2.3062311808268228,
    2.407650868097941,
    2.24436789088779,
    2.3144241041607327,
    2.234664652082655,
    2.191717889573839,
    2.11766697300805
  ],
  "training_time": 446.72417998313904,
  "total_batches": 105,
  "total_samples": 6240,
  "checkpoint_paths": [
    "phase1_pretraining/checkpoint_epoch_14.pt"
  ],
  "metrics": {
    "total_samples_processed": 6240,
    "total_triplets_created": 1635,
    "checkpoint_saves": 1,
    "training_start_time": 1773293241.095087,
    "training_end_time": 1773293687.819267
  }
}