{
  "phase": "phase1_contrastive",
  "evaluation_method": "cosine_similarity",
  "optimal_threshold": 0.41999999999999993,
  "metrics": {
    "accuracy": 0.6475,
    "precision": 0.40420560747663553,
    "recall": 0.865,
    "f1_score": 0.5509554140127388,
    "auc_roc": 0.7605250000000001
  },
  "confusion_matrix": {
    "true_positives": 173,
    "true_negatives": 345,
    "false_positives": 255,
    "false_negatives": 27
  },
  "similarity_stats": {
    "positive_mean": 0.7860217094421387,
    "positive_std": 0.06697247177362442,
    "negative_mean": 0.6777110695838928,
    "negative_std": 0.12359947711229324,
    "separation": 0.10831063985824585
  },
  "dataset_size": 800,
  "checkpoint": "phase1_pretraining/best_checkpoint.pt",
  "dataset_path": "preprocess/learning_curve_v7/frac_75/validation.jsonl"
}