{
  "final_loss": 0.7434750020503997,
  "epoch_losses": [
    2.2326159286499023,
    1.800608925819397,
    1.6819822883605957,
    1.4998023796081543,
    1.3588762617111205,
    1.3082112956047058,
    1.2833143711090087,
    1.235513949394226,
    1.1727077603340148,
    1.0089597916603088,
    0.9481064558029175,
    0.8834910202026367,
    0.8896900415420532,
    0.880799720287323,
    0.7434750020503997
  ],
  "validation_losses": [
    2.041816207078787,
    1.788807071172274,
    1.745506919347323,
    1.574074910237239,
    1.490637944294856,
    1.4497595612819378,
    1.4021011315859282,
    1.424170617873852,
    1.326531245158269,
    1.3058489515231206,
    1.2669954758424025,
    1.2657534663493817,
    1.198770087498885,
    1.1743398308753967,
    1.1669415097970228
  ],
  "training_time": 2767.2214279174805,
  "total_batches": 375,
  "total_samples": 24000,
  "checkpoint_paths": [
    "phase1_pretraining/checkpoint_epoch_14.pt"
  ],
  "metrics": {
    "total_samples_processed": 24000,
    "total_triplets_created": 6000,
    "checkpoint_saves": 1,
    "training_start_time": 1776625890.744896,
    "training_end_time": 1776628657.9663239
  }
}