{
  "final_loss": 0.44642396375649807,
  "epoch_losses": [
    1.8721807093331309,
    1.460352366620844,
    1.2629982576225742,
    1.1483276405117728,
    1.0408888666918783,
    0.9744742259834752,
    0.8607347165093278,
    0.7761138244108721,
    0.7444992291204857,
    0.6917387082269697,
    0.6042703712979952,
    0.595913627608256,
    0.5286374393511902,
    0.52166157667384,
    0.44642396375649807
  ],
  "validation_losses": [
    1.5047330061594646,
    1.380214876598782,
    1.3256612022717793,
    1.0317796402507358,
    1.0993498298856947,
    0.9741349087821113,
    0.9559500813484192,
    0.9514154593149821,
    0.7980332440800137,
    0.8611030048794217,
    0.8002512488100264,
    0.7438591453764174,
    0.792225546307034,
    0.5653801163037618,
    0.6950092282560136
  ],
  "training_time": 63.81154274940491,
  "total_batches": 990,
  "total_samples": 62505,
  "checkpoint_paths": [
    "phase1_pretraining/checkpoint_epoch_14.pt"
  ],
  "metrics": {
    "total_samples_processed": 62505,
    "total_triplets_created": 16365,
    "checkpoint_saves": 1,
    "training_start_time": 1776287178.042874,
    "training_end_time": 1776287241.8544168
  }
}