{
  "final_loss": 0.5205698361992837,
  "epoch_losses": [
    2.1157565331459045,
    1.579276796579361,
    1.4258676326274873,
    1.3107759714126588,
    1.1905408203601837,
    1.0378622388839722,
    0.9359386348724366,
    0.8588254940509796,
    0.7622056668996811,
    0.7310785040259361,
    0.6565475469827652,
    0.595885438323021,
    0.5875294142961502,
    0.5306874498724937,
    0.5205698361992837
  ],
  "validation_losses": [
    1.7815452080506544,
    1.48410820044004,
    1.4615281545198882,
    1.228797665009132,
    1.2699841123360853,
    1.1731820702552795,
    1.095295516344217,
    1.0376038322081933,
    0.9361076859327463,
    0.9970116706994864,
    0.8315898730204656,
    0.9586055324627802,
    0.8011342608011686,
    0.8574964151932642,
    0.8185876905918121
  ],
  "training_time": 4669.1379652023315,
  "total_batches": 750,
  "total_samples": 48000,
  "checkpoint_paths": [
    "phase1_pretraining/checkpoint_epoch_9.pt",
    "phase1_pretraining/checkpoint_epoch_14.pt"
  ],
  "metrics": {
    "total_samples_processed": 48000,
    "total_triplets_created": 12000,
    "checkpoint_saves": 2,
    "training_start_time": 1776628499.3564112,
    "training_end_time": 1776633168.4943764
  }
}