{
  "final_loss": 0.6486409771623034,
  "epoch_losses": [
    1.9281710205656108,
    1.6198634848450169,
    1.443270276893269,
    1.355080525080363,
    1.251170982014049,
    1.1111172672474023,
    1.042614682154222,
    1.0433349826119163,
    0.891000818122517,
    0.8753044605255127,
    0.7898855516404817,
    0.774566933964238,
    0.7351754732204206,
    0.6527333783380913,
    0.6486409771623034
  ],
  "validation_losses": [
    1.863945206006368,
    1.448227498266432,
    1.3866573572158813,
    1.3140534957249959,
    1.2003438472747803,
    1.1320210761494107,
    1.1362376544210646,
    1.0001545482211642,
    1.0846274428897433,
    1.0090296864509583,
    0.9954162240028381,
    1.1178176866637335,
    1.0152897768550448,
    0.8853029542499118,
    0.7460543281502194
  ],
  "training_time": 32.659887075424194,
  "total_batches": 495,
  "total_samples": 31230,
  "checkpoint_paths": [
    "phase1_pretraining/checkpoint_epoch_14.pt"
  ],
  "metrics": {
    "total_samples_processed": 31230,
    "total_triplets_created": 8175,
    "checkpoint_saves": 1,
    "training_start_time": 1775165092.5931048,
    "training_end_time": 1775165125.252992
  }
}