{
  "final_loss": 0.4631275284290314,
  "epoch_losses": [
    1.4461865162849425,
    1.255418794155121,
    1.0724779891967773,
    1.0201379370689392,
    0.9470491552352905,
    0.8186925816535949,
    0.7867091345787048,
    0.7020411264896392,
    0.669159300327301,
    0.6420060908794403,
    0.5831970250606537,
    0.5207282602787018,
    0.5250978124141693,
    0.4677220451831818,
    0.4631275284290314
  ],
  "validation_losses": [
    1.4000094899764428,
    1.1956664736454303,
    1.084887825525724,
    1.0403780799645643,
    0.9965945711502662,
    0.9011988135484549,
    0.8967921733856201,
    0.7918357115525466,
    0.7559027832288009,
    0.8110829866849459,
    0.8281035102330722,
    0.6756653258433709,
    0.7404043628619268,
    0.7312852969536414,
    0.6932729345101577
  ],
  "training_time": 19271.414170742035,
  "total_batches": 375,
  "total_samples": 24000,
  "checkpoint_paths": [
    "phase1_pretraining/checkpoint_epoch_14.pt"
  ],
  "metrics": {
    "total_samples_processed": 24000,
    "total_triplets_created": 6000,
    "checkpoint_saves": 1,
    "training_start_time": 1776654848.3861482,
    "training_end_time": 1776674119.800319
  }
}