{
  "final_loss": 0.24806800194084644,
  "epoch_losses": [
    1.2798780234654745,
    0.9623191809654236,
    0.8525833535194397,
    0.6975016927719117,
    0.6228695964813232,
    0.5295988100767136,
    0.4915416169166565,
    0.43727450370788573,
    0.41201843291521073,
    0.40589631418387095,
    0.3384444456299146,
    0.3097671482960383,
    0.31123696476221085,
    0.28830634156862894,
    0.24806800194084644
  ],
  "validation_losses": [
    1.0624409088721642,
    0.8712160954108605,
    0.7648281638438885,
    0.6358425296269931,
    0.6298524622733777,
    0.6397930842179519,
    0.5712516743403214,
    0.43382004591134876,
    0.4632660723649539,
    0.497531744150015,
    0.41918291036899274,
    0.4132187206011552,
    0.382132976100995,
    0.4177003479920901,
    0.39409296443829167
  ],
  "training_time": 6009.551530122757,
  "total_batches": 1125,
  "total_samples": 72000,
  "checkpoint_paths": [
    "phase1_pretraining/checkpoint_epoch_14.pt"
  ],
  "metrics": {
    "total_samples_processed": 72000,
    "total_triplets_created": 18000,
    "checkpoint_saves": 1,
    "training_start_time": 1776683212.845103,
    "training_end_time": 1776689222.3966331
  }
}