{
  "final_loss": 0.05354910132120408,
  "epoch_losses": [
    0.6217824971924225,
    0.2957739255258015,
    0.20436071356137595,
    0.1809321888057249,
    0.15191132176135266,
    0.13717324266742384,
    0.1199326065280253,
    0.0988389104604721,
    0.08199850958772004,
    0.08057382887983251,
    0.06423952098980192,
    0.06757389690860041,
    0.057813283998430484,
    0.05019472566588471,
    0.05354910132120408
  ],
  "validation_losses": [
    0.37045475095510483,
    0.27061411472303526,
    0.2153321265109948,
    0.20010196364351682,
    0.15669061562844686,
    0.1338149785463299,
    0.11388231747384582,
    0.12725200317800045,
    0.11973414317305599,
    0.09186122859162944,
    0.07711432122492365,
    0.09014974521206957,
    0.09143257214288626,
    0.07380571685332273,
    0.044738515479756255
  ],
  "training_time": 2277.2171008586884,
  "total_batches": 1260,
  "total_samples": 79800,
  "checkpoint_paths": [
    "phase1_pretraining/checkpoint_epoch_14.pt"
  ],
  "metrics": {
    "total_samples_processed": 79800,
    "total_triplets_created": 38850,
    "checkpoint_saves": 1,
    "training_start_time": 1776818908.535506,
    "training_end_time": 1776821185.7526069
  }
}