{
  "final_loss": 0.4779536417036345,
  "epoch_losses": [
    1.949642376466231,
    1.6365450232317953,
    1.4069542053974036,
    1.2445318667274532,
    1.1697017180197167,
    1.0266851900201854,
    0.9039826715985934,
    0.8355426047787522,
    0.7879569392764207,
    0.7306636034539251,
    0.6530137493303327,
    0.6205037272337711,
    0.539365189093532,
    0.5192192208134767,
    0.4779536417036345
  ],
  "validation_losses": [
    1.7724135319391887,
    1.4756638871298895,
    1.3389595217174954,
    1.2041383253203497,
    1.1376449796888564,
    0.9962110651863946,
    1.0885582566261292,
    0.914092954662111,
    0.9881644381417168,
    0.8889838887585534,
    0.840998089975781,
    0.6599939068158468,
    0.8486655917432573,
    0.6705703569783105,
    0.6393974787659116
  ],
  "training_time": 6516.433031797409,
  "total_batches": 990,
  "total_samples": 62505,
  "checkpoint_paths": [
    "phase1_pretraining/checkpoint_epoch_14.pt"
  ],
  "metrics": {
    "total_samples_processed": 62505,
    "total_triplets_created": 16365,
    "checkpoint_saves": 1,
    "training_start_time": 1774842195.698184,
    "training_end_time": 1774848712.1312158
  }
}