{
  "phase": "phase1_contrastive",
  "evaluation_method": "cosine_similarity",
  "optimal_threshold": 0.48,
  "metrics": {
    "accuracy": 0.695,
    "precision": 0.43854748603351956,
    "recall": 0.785,
    "f1_score": 0.5627240143369175,
    "auc_roc": 0.7761916666666667
  },
  "confusion_matrix": {
    "true_positives": 157,
    "true_negatives": 399,
    "false_positives": 201,
    "false_negatives": 43
  },
  "similarity_stats": {
    "positive_mean": 0.7843968868255615,
    "positive_std": 0.07176033407449722,
    "negative_mean": 0.6779521703720093,
    "negative_std": 0.11428197473287582,
    "separation": 0.10644471645355225
  },
  "dataset_size": 800,
  "checkpoint": "phase1_pretraining/best_checkpoint.pt",
  "dataset_path": "preprocess/learning_curve_v7/frac_50/validation.jsonl"
}