{
  "final_loss": 0.6103966008871794,
  "epoch_losses": [
    2.0944719195365904,
    1.6772733718156814,
    1.4756476864218713,
    1.4625624641776085,
    1.304422204196453,
    1.2325739160180091,
    1.159268708527088,
    0.9902018249034882,
    0.9732692271471024,
    0.9040235310792923,
    0.8543245173990727,
    0.7902057610452176,
    0.7275600045919418,
    0.6370571836829185,
    0.6103966008871794
  ],
  "validation_losses": [
    1.8692081371943157,
    1.6648817592196994,
    1.5332822137408786,
    1.4899303250842624,
    1.3813662793901231,
    1.235406716664632,
    1.2373395495944552,
    1.143788543012407,
    1.078755733039644,
    1.0723169247309368,
    0.9720552762349447,
    0.9008947610855103,
    0.9516267461909188,
    0.915270189444224,
    0.9404992726114061
  ],
  "training_time": 1403.6315340995789,
  "total_batches": 600,
  "total_samples": 37485,
  "checkpoint_paths": [
    "phase1_pretraining/checkpoint_epoch_14.pt"
  ],
  "metrics": {
    "total_samples_processed": 37485,
    "total_triplets_created": 9810,
    "checkpoint_saves": 1,
    "training_start_time": 1776230929.698505,
    "training_end_time": 1776232333.330039
  }
}