{
  "final_loss": 0.8535816687804002,
  "epoch_losses": [
    2.0781534396685086,
    1.7608186244964599,
    1.5935482777082004,
    1.4013367607043339,
    1.254414204450754,
    1.4058048798487737,
    1.2610681717212384,
    1.2241834191175607,
    1.0973616920984708,
    1.0792521513425386,
    0.989933967590332,
    0.9421066761016845,
    0.9092930032656743,
    0.8796079883208642,
    0.8535816687804002
  ],
  "validation_losses": [
    1.8854264169931412,
    1.6517217308282852,
    1.5955024808645248,
    1.4395461231470108,
    1.2875260561704636,
    1.4628776758909225,
    1.5310576260089874,
    1.561362311244011,
    1.3549219518899918,
    1.271295428276062,
    1.2842095345258713,
    1.2374289780855179,
    1.197865903377533,
    1.1998543664813042,
    1.136073276400566
  ],
  "training_time": 1102.0767221450806,
  "total_batches": 975,
  "total_samples": 62130,
  "checkpoint_paths": [
    "phase1_pretraining/checkpoint_epoch_14.pt"
  ],
  "metrics": {
    "total_samples_processed": 62130,
    "total_triplets_created": 16230,
    "checkpoint_saves": 1,
    "training_start_time": 1773162416.300871,
    "training_end_time": 1773163518.377593
  }
}