{
  "phase": "phase1_contrastive",
  "evaluation_method": "cosine_similarity",
  "optimal_threshold": 0.52,
  "metrics": {
    "accuracy": 0.44,
    "precision": 0.2967213114754098,
    "recall": 0.905,
    "f1_score": 0.4469135802469136,
    "auc_roc": 0.6544583333333334
  },
  "confusion_matrix": {
    "true_positives": 181,
    "true_negatives": 171,
    "false_positives": 429,
    "false_negatives": 19
  },
  "similarity_stats": {
    "positive_mean": 0.8386887311935425,
    "positive_std": 0.059393640607595444,
    "negative_mean": 0.7967867255210876,
    "negative_std": 0.07905939966440201,
    "separation": 0.041902005672454834
  },
  "dataset_size": 800,
  "checkpoint": "phase1_pretraining/best_checkpoint.pt",
  "dataset_path": "preprocess/learning_curve_v7/frac_10/validation.jsonl"
}