{
  "final_loss": 0.3463651360571384,
  "epoch_losses": [
    1.3525046372413636,
    1.0622284638881683,
    0.942418042421341,
    0.8031284588575364,
    0.7391361308097839,
    0.6542061644792557,
    0.6031984996795654,
    0.5355685701966286,
    0.4619822186231613,
    0.44360813707113267,
    0.41023263335227966,
    0.4094805067777634,
    0.372547068297863,
    0.3316108775138855,
    0.3463651360571384
  ],
  "validation_losses": [
    1.2579008294985845,
    1.0559955101746779,
    0.8897071480751038,
    0.8891186989270724,
    0.8531347604898306,
    0.7536271420808939,
    0.6721856846259191,
    0.7092161705860724,
    0.59994104046088,
    0.5762050873958148,
    0.5502768686184516,
    0.49696732942874616,
    0.46452339681295246,
    0.4755896433041646,
    0.4727189987897873
  ],
  "training_time": 4424.364114046097,
  "total_batches": 750,
  "total_samples": 48000,
  "checkpoint_paths": [
    "phase1_pretraining/checkpoint_epoch_14.pt",
    "phase1_pretraining/checkpoint_epoch_9.pt"
  ],
  "metrics": {
    "total_samples_processed": 48000,
    "total_triplets_created": 12000,
    "checkpoint_saves": 2,
    "training_start_time": 1776675926.272613,
    "training_end_time": 1776680350.636727
  }
}