{
  "phase": "phase1_contrastive",
  "evaluation_method": "cosine_similarity",
  "optimal_threshold": 0.6000000000000001,
  "metrics": {
    "accuracy": 0.42115384615384616,
    "precision": 0.302158273381295,
    "recall": 0.9264705882352942,
    "f1_score": 0.45569620253164556,
    "auc_roc": 0.5849609375
  },
  "confusion_matrix": {
    "true_positives": 126,
    "true_negatives": 93,
    "false_positives": 291,
    "false_negatives": 10
  },
  "similarity_stats": {
    "positive_mean": 0.854490339756012,
    "positive_std": 0.03851230815052986,
    "negative_mean": 0.8351038098335266,
    "negative_std": 0.056820642203092575,
    "separation": 0.01938652992248535
  },
  "dataset_size": 520,
  "checkpoint": "phase1_pretraining/best_checkpoint.pt",
  "dataset_path": "preprocess/learning_curve/frac_10/validation.jsonl"
}