{
  "phase": "phase1_contrastive",
  "evaluation_method": "cosine_similarity",
  "optimal_threshold": 0.54,
  "metrics": {
    "accuracy": 0.5384615384615384,
    "precision": 0.3395061728395062,
    "recall": 0.8088235294117647,
    "f1_score": 0.4782608695652174,
    "auc_roc": 0.6515969669117647
  },
  "confusion_matrix": {
    "true_positives": 110,
    "true_negatives": 170,
    "false_positives": 214,
    "false_negatives": 26
  },
  "similarity_stats": {
    "positive_mean": 0.8114389777183533,
    "positive_std": 0.05637504160404205,
    "negative_mean": 0.7725520730018616,
    "negative_std": 0.07802223414182663,
    "separation": 0.0388869047164917
  },
  "dataset_size": 520,
  "checkpoint": "phase1_pretraining/best_checkpoint.pt",
  "dataset_path": "preprocess/learning_curve_nested/frac_60/validation.jsonl"
}