{
  "phase": "phase1_contrastive",
  "evaluation_method": "cosine_similarity",
  "optimal_threshold": 0.54,
  "metrics": {
    "accuracy": 0.575,
    "precision": 0.36156351791530944,
    "recall": 0.8161764705882353,
    "f1_score": 0.5011286681715575,
    "auc_roc": 0.6632008272058822
  },
  "confusion_matrix": {
    "true_positives": 111,
    "true_negatives": 188,
    "false_positives": 196,
    "false_negatives": 25
  },
  "similarity_stats": {
    "positive_mean": 0.81697678565979,
    "positive_std": 0.05846210569143295,
    "negative_mean": 0.7547612190246582,
    "negative_std": 0.10740375518798828,
    "separation": 0.062215566635131836
  },
  "dataset_size": 520,
  "checkpoint": "phase1_pretraining/best_checkpoint.pt",
  "dataset_path": "preprocess/learning_curve_nested/frac_60/validation.jsonl"
}