{
  "final_loss": 0.6318447887897491,
  "epoch_losses": [
    2.013667785760128,
    1.6995660789085156,
    1.6086655566186616,
    1.4625666430502227,
    1.3644204699631892,
    1.2050378214229236,
    1.1319346048615195,
    1.0691006562926553,
    1.0360962676279473,
    0.8912381195660793,
    0.9002940167080272,
    0.8230308863249692,
    0.7463721452337323,
    0.671366853244377,
    0.6318447887897491
  ],
  "validation_losses": [
    2.032928228378296,
    1.801263107193841,
    1.6835707558525934,
    1.3174189527829487,
    1.3622628582848444,
    1.4565473132663302,
    1.1740676826900907,
    1.1388308737013075,
    1.1879276169670954,
    1.118294484085507,
    0.9275582101609972,
    1.0826100442144606,
    0.895388040277693,
    0.9661983715163337,
    0.936323708958096
  ],
  "training_time": 2202.3831260204315,
  "total_batches": 495,
  "total_samples": 31230,
  "checkpoint_paths": [
    "phase1_pretraining/checkpoint_epoch_14.pt"
  ],
  "metrics": {
    "total_samples_processed": 31230,
    "total_triplets_created": 8175,
    "checkpoint_saves": 1,
    "training_start_time": 1775165342.4696279,
    "training_end_time": 1775167544.8527539
  }
}