{
  "final_loss": 0.9794169425061254,
  "epoch_losses": [
    2.210320097027403,
    1.894099027821512,
    1.680521101662607,
    1.5170372652285027,
    1.3729857901732128,
    1.5964874336213777,
    1.4670099290934475,
    1.3566808375445278,
    1.2502331151203676,
    1.19913244879607,
    1.1603437607938594,
    1.0977061697931,
    1.0556595334500978,
    0.9826843147024964,
    0.9794169425061254
  ],
  "validation_losses": [
    1.916067984369066,
    1.706290364265442,
    1.6435189379586115,
    1.4925294187333848,
    1.3391339050398932,
    1.463913745350308,
    1.4382630056805081,
    1.533790045314365,
    1.4502667321099176,
    1.3664334217707317,
    1.256848394870758,
    1.2639483875698514,
    1.1840466923183866,
    1.2297494742605422,
    1.1171790692541335
  ],
  "training_time": 8394.276589870453,
  "total_batches": 990,
  "total_samples": 62505,
  "checkpoint_paths": [
    "phase1_pretraining/checkpoint_epoch_14.pt"
  ],
  "metrics": {
    "total_samples_processed": 62505,
    "total_triplets_created": 16365,
    "checkpoint_saves": 1,
    "training_start_time": 1773266388.103984,
    "training_end_time": 1773274782.380574
  }
}