{
  "phase": "phase1_contrastive",
  "evaluation_method": "cosine_similarity",
  "optimal_threshold": 0.54,
  "metrics": {
    "accuracy": 0.6423076923076924,
    "precision": 0.40384615384615385,
    "recall": 0.7720588235294118,
    "f1_score": 0.5303030303030303,
    "auc_roc": 0.7022441789215687
  },
  "confusion_matrix": {
    "true_positives": 105,
    "true_negatives": 229,
    "false_positives": 155,
    "false_negatives": 31
  },
  "similarity_stats": {
    "positive_mean": 0.7948372960090637,
    "positive_std": 0.06060454621911049,
    "negative_mean": 0.7286645770072937,
    "negative_std": 0.09945885837078094,
    "separation": 0.06617271900177002
  },
  "dataset_size": 520,
  "checkpoint": "phase1_pretraining/best_checkpoint.pt",
  "dataset_path": "preprocess/learning_curve/frac_75/validation.jsonl"
}