{
  "phase": "phase1_contrastive",
  "evaluation_method": "cosine_similarity",
  "optimal_threshold": 0.56,
  "metrics": {
    "accuracy": 0.67625,
    "precision": 0.4057507987220447,
    "recall": 0.635,
    "f1_score": 0.4951267056530214,
    "auc_roc": 0.7097416666666666
  },
  "confusion_matrix": {
    "true_positives": 127,
    "true_negatives": 414,
    "false_positives": 186,
    "false_negatives": 73
  },
  "similarity_stats": {
    "positive_mean": 0.7918804883956909,
    "positive_std": 0.06798657774925232,
    "negative_mean": 0.7252606749534607,
    "negative_std": 0.0944603905081749,
    "separation": 0.06661981344223022
  },
  "dataset_size": 800,
  "checkpoint": "phase1_pretraining/best_checkpoint.pt",
  "dataset_path": "preprocess/learning_curve_v7/frac_25/validation.jsonl"
}