{
  "phase": "phase1_contrastive",
  "evaluation_method": "cosine_similarity",
  "optimal_threshold": 0.52,
  "metrics": {
    "accuracy": 0.6442307692307693,
    "precision": 0.4061302681992337,
    "recall": 0.7794117647058824,
    "f1_score": 0.5340050377833753,
    "auc_roc": 0.7212201286764707
  },
  "confusion_matrix": {
    "true_positives": 106,
    "true_negatives": 229,
    "false_positives": 155,
    "false_negatives": 30
  },
  "similarity_stats": {
    "positive_mean": 0.7988423705101013,
    "positive_std": 0.05940191075205803,
    "negative_mean": 0.7268525958061218,
    "negative_std": 0.09946618229150772,
    "separation": 0.07198977470397949
  },
  "dataset_size": 520,
  "checkpoint": "phase1_pretraining/best_checkpoint.pt",
  "dataset_path": "preprocess/learning_curve/frac_50_seed123/validation.jsonl"
}