{
  "total_samples": 2770,
  "unique_resumes": 46,
  "unique_jobs": 33,
  "embedding_dim": 384,
  "best_k_resume": 14,
  "best_k_job": 14,
  "best_k_combined": 13,
  "silhouette_scores": {
    "resume": {
      "2": 0.18098430335521698,
      "3": 0.1479644477367401,
      "4": 0.1554306596517563,
      "5": 0.16245567798614502,
      "6": 0.16877645254135132,
      "7": 0.1911349594593048,
      "8": 0.20203520357608795,
      "9": 0.20965105295181274,
      "10": 0.22515170276165009,
      "11": 0.24161139130592346,
      "12": 0.23238418996334076,
      "13": 0.24464640021324158,
      "14": 0.2514042854309082
    },
    "job": {
      "2": 0.17697755992412567,
      "3": 0.2292097955942154,
      "4": 0.2852243185043335,
      "5": 0.3488578796386719,
      "6": 0.39673689007759094,
      "7": 0.4357646107673645,
      "8": 0.48479780554771423,
      "9": 0.5328485369682312,
      "10": 0.5685046911239624,
      "11": 0.6176064014434814,
      "12": 0.6592683792114258,
      "13": 0.7006893157958984,
      "14": 0.7356906533241272
    },
    "combined": {
      "2": 0.1481011062860489,
      "3": 0.1805707812309265,
      "4": 0.23202578723430634,
      "5": 0.2659603953361511,
      "6": 0.2783704996109009,
      "7": 0.330170214176178,
      "8": 0.3467690646648407,
      "9": 0.3680593967437744,
      "10": 0.38465237617492676,
      "11": 0.4099932014942169,
      "12": 0.43141812086105347,
      "13": 0.4494616687297821,
      "14": 0.43248987197875977
    }
  }
}