{
  "final_loss": 0.4541755226942209,
  "epoch_losses": [
    1.8351827438061055,
    1.545430302619934,
    1.3306161348636334,
    1.2204619765281677,
    1.0975287813406724,
    1.0304040555770582,
    0.9200210626308735,
    0.8378469526767731,
    0.7618724080232474,
    0.6857565086621504,
    0.6288163978319902,
    0.5991677229221051,
    0.5670915054587218,
    0.4786330860394698,
    0.4541755226942209
  ],
  "validation_losses": [
    1.544693562719557,
    1.4668145842022366,
    1.2986653513378568,
    1.2751114898257785,
    1.1170294019911025,
    1.117029759618971,
    0.9111248917049832,
    0.9104084372520447,
    1.00181868341234,
    0.8051304353608025,
    0.9088668359650506,
    0.8080087966389127,
    0.729045010275311,
    0.6941095292568207,
    0.6595739159319136
  ],
  "training_time": 1427.638927936554,
  "total_batches": 975,
  "total_samples": 62145,
  "checkpoint_paths": [
    "phase1_pretraining/checkpoint_epoch_14.pt",
    "phase1_pretraining/checkpoint_epoch_9.pt"
  ],
  "metrics": {
    "total_samples_processed": 62145,
    "total_triplets_created": 16290,
    "checkpoint_saves": 1,
    "training_start_time": 1771903717.3024461,
    "training_end_time": 1771905144.941374
  }
}