{
  "final_loss": 0.061931179263368684,
  "epoch_losses": [
    2.1054619488688564,
    1.3102731942441421,
    0.7787060530888552,
    0.5940864791587598,
    0.4763579626131609,
    0.4310836433675248,
    0.43942993515402595,
    0.41420641989377194,
    0.39413444611723025,
    0.061931179263368684
  ],
  "training_time": 333.3425190448761,
  "total_batches": 1740,
  "total_samples": 55360,
  "checkpoint_paths": [
    "phase1_pretraining/checkpoint_epoch_9.pt"
  ],
  "metrics": {
    "total_samples_processed": 55360,
    "total_triplets_created": 26780,
    "checkpoint_saves": 1,
    "training_start_time": 1768443261.845942,
    "training_end_time": 1768443595.188461
  }
}