{
  "final_loss": 0.7560983391908499,
  "epoch_losses": [
    1.986961896602924,
    1.5495930855090803,
    1.3296935200691222,
    1.2802191239136915,
    1.1248735757974477,
    1.0465532211156992,
    0.9793923148742089,
    0.894454432450808,
    0.8017779121032128,
    0.7560983391908499
  ],
  "validation_losses": [
    1.6927035119798448,
    1.4381964008013408,
    1.2591779232025146,
    1.2792140907711453,
    1.1806366112497118,
    1.1036332150300343,
    1.0732984609074063,
    0.9830345776345994,
    0.990967677699195,
    0.902707060178121
  ],
  "training_time": 2451.0769412517548,
  "total_batches": 650,
  "total_samples": 41430,
  "checkpoint_paths": [
    "phase1_pretraining/checkpoint_epoch_9.pt"
  ],
  "metrics": {
    "total_samples_processed": 41430,
    "total_triplets_created": 10860,
    "checkpoint_saves": 1,
    "training_start_time": 1771481119.295352,
    "training_end_time": 1771483570.3722932
  }
}