{
  "final_loss": 0.3205009077331105,
  "epoch_losses": [
    2.0589262536495405,
    1.1839566382369555,
    0.7121673634631096,
    0.5470197823523097,
    0.4732930443621095,
    0.4357074717479634,
    0.4248169906803466,
    0.4102279245530422,
    0.38899323090135707,
    0.3205009077331105
  ],
  "training_time": 326.97042298316956,
  "total_batches": 1740,
  "total_samples": 55360,
  "checkpoint_paths": [
    "phase1_pretraining/checkpoint_epoch_9.pt"
  ],
  "metrics": {
    "total_samples_processed": 55360,
    "total_triplets_created": 26780,
    "checkpoint_saves": 1,
    "training_start_time": 1768373409.763772,
    "training_end_time": 1768373736.734195
  }
}