{
  "final_loss": 0.5153285118249746,
  "epoch_losses": [
    1.8235957769247202,
    1.5228346054370587,
    1.3591745394926804,
    1.1960981680796696,
    1.1464520830374498,
    1.062065591261937,
    0.9878623953232398,
    0.873685747385025,
    0.7993912398815155,
    0.7519833230055295,
    0.673375960955253,
    0.6143633049267989,
    0.5839460013004449,
    0.5467373144168121,
    0.5153285118249746
  ],
  "validation_losses": [
    1.569520354270935,
    1.3660471041997273,
    1.313650045129988,
    1.3505917853779263,
    1.2140877313084073,
    1.0626924600866106,
    1.1011273794704013,
    0.982548154062695,
    1.0278403229183621,
    0.9192250702116225,
    0.917809009552002,
    0.9271971782048544,
    0.7201142244868808,
    0.7240264382627275,
    0.8061285151375664
  ],
  "training_time": 599.012152671814,
  "total_batches": 975,
  "total_samples": 62145,
  "checkpoint_paths": [
    "phase1_pretraining/checkpoint_epoch_14.pt",
    "phase1_pretraining/checkpoint_epoch_9.pt"
  ],
  "metrics": {
    "total_samples_processed": 62145,
    "total_triplets_created": 16290,
    "checkpoint_saves": 1,
    "training_start_time": 1771504592.8133461,
    "training_end_time": 1771505191.8254988
  }
}