{
  "final_loss": 2.6399325723046654,
  "epoch_losses": [
    2.9093718490903338,
    2.7832638935609295,
    2.739375680143183,
    2.6923921433362095,
    2.6563175764950837,
    2.6175052339380436,
    2.6141610969196667,
    2.6364192442460492,
    2.609379012305457,
    2.6399325723046654
  ],
  "validation_losses": [
    2.788423306412167,
    2.7313698861334057,
    2.682254950205485,
    2.6636271244949765,
    2.63724907901552,
    2.635259098476834,
    2.6541020340389676,
    2.6686829924583435,
    2.6996337274710336,
    2.7109495202700296
  ],
  "training_time": 131.87358593940735,
  "total_batches": 1420,
  "total_samples": 35776,
  "checkpoint_paths": [
    "phase1_pretraining/checkpoint_epoch_9.pt"
  ],
  "metrics": {
    "total_samples_processed": 35776,
    "total_triplets_created": 9514,
    "checkpoint_saves": 1,
    "training_start_time": 1770252986.034847,
    "training_end_time": 1770253117.908433
  }
}