{
  "final_loss": 0.6023710505293973,
  "epoch_losses": [
    1.3896439550928987,
    0.7946554117464606,
    0.7005053259044713,
    0.6495232246170154,
    0.6308498732271911,
    0.6045935808578667,
    0.6074141154571765,
    0.6159766733301857,
    0.6129946417546686,
    0.6023710505293973
  ],
  "training_time": 337.60444498062134,
  "total_batches": 1740,
  "total_samples": 55360,
  "checkpoint_paths": [
    "phase1_pretraining/checkpoint_epoch_9.pt"
  ],
  "metrics": {
    "total_samples_processed": 55360,
    "total_triplets_created": 26780,
    "checkpoint_saves": 1,
    "training_start_time": 1768455943.612542,
    "training_end_time": 1768456281.216987
  }
}