{
  "phase": "phase1_contrastive",
  "evaluation_method": "cosine_similarity",
  "optimal_threshold": 0.6200000000000001,
  "metrics": {
    "accuracy": 0.5019230769230769,
    "precision": 0.3286908077994429,
    "recall": 0.8676470588235294,
    "f1_score": 0.4767676767676768,
    "auc_roc": 0.6649241727941178
  },
  "confusion_matrix": {
    "true_positives": 118,
    "true_negatives": 143,
    "false_positives": 241,
    "false_negatives": 18
  },
  "similarity_stats": {
    "positive_mean": 0.8555433750152588,
    "positive_std": 0.038671500980854034,
    "negative_mean": 0.8178720474243164,
    "negative_std": 0.06823445111513138,
    "separation": 0.03767132759094238
  },
  "dataset_size": 520,
  "checkpoint": "phase1_pretraining/best_checkpoint.pt",
  "dataset_path": "preprocess/learning_curve_nested/frac_20/validation.jsonl"
}