{
  "final_loss": 0.46699727947513264,
  "epoch_losses": [
    1.8208143006671558,
    1.4524353643258412,
    1.2732025601647117,
    1.1380337196769137,
    1.09428358168313,
    1.0245398219787714,
    0.8563762998039072,
    0.8040128533135761,
    0.7993396041971265,
    0.6797020291401581,
    0.6609537788864338,
    0.6343904548522198,
    0.5254413989711214,
    0.5108456356507359,
    0.46699727947513264
  ],
  "validation_losses": [
    1.5613190597958035,
    1.291637208726671,
    1.2296029064390395,
    1.1156752308209736,
    1.0294211705525715,
    1.0518555177582636,
    0.9183411399523417,
    0.8446258107821146,
    0.9172523882653978,
    0.9556317925453186,
    0.781135810746087,
    0.7629514336585999,
    0.7055601212713454,
    0.6548671457502577,
    0.751706043879191
  ],
  "training_time": 72.82052612304688,
  "total_batches": 990,
  "total_samples": 62505,
  "checkpoint_paths": [
    "phase1_pretraining/checkpoint_epoch_14.pt"
  ],
  "metrics": {
    "total_samples_processed": 62505,
    "total_triplets_created": 16365,
    "checkpoint_saves": 1,
    "training_start_time": 1776223853.004628,
    "training_end_time": 1776223925.825154
  }
}