{
  "final_loss": 0.9972067016821641,
  "epoch_losses": [
    1.9985066102101252,
    1.9381439777520986,
    1.8469289174446692,
    1.674091128202585,
    1.5457401367334218,
    1.4392587955181415,
    1.3682908828441913,
    1.3777036116673396,
    1.2496551137704115,
    1.2104301315087538,
    1.1923025571382964,
    1.1829578555547273,
    1.005643298992744,
    1.0248486720598662,
    0.9972067016821641
  ],
  "validation_losses": [
    1.9882363610797458,
    2.008520722389221,
    1.8298951254950628,
    1.7745569811926947,
    1.7736129495832655,
    1.7347824705971613,
    1.620474934577942,
    1.4487018717659845,
    1.5245054165522258,
    1.5960085259543524,
    1.454928954442342,
    1.4671934843063354,
    1.4691477881537542,
    1.4530218707190619,
    1.3877694408098857
  ],
  "training_time": 463.14866876602173,
  "total_batches": 210,
  "total_samples": 12480,
  "checkpoint_paths": [
    "phase1_pretraining/checkpoint_epoch_14.pt"
  ],
  "metrics": {
    "total_samples_processed": 12480,
    "total_triplets_created": 3270,
    "checkpoint_saves": 1,
    "training_start_time": 1776226934.534687,
    "training_end_time": 1776227397.6833558
  }
}