{
  "final_loss": 0.7284412171804544,
  "epoch_losses": [
    1.9566572326602358,
    1.7629303607073696,
    1.593156879598444,
    1.525418469400117,
    1.4064253044850898,
    1.3469186280712937,
    1.2532260363752192,
    1.1225848631425337,
    1.1392850189497976,
    1.0451429522398747,
    0.9964345847115372,
    0.9132418650569338,
    0.8236885179172863,
    0.8348190965074481,
    0.7284412171804544
  ],
  "validation_losses": [
    1.895656598938836,
    1.7649850447972615,
    1.6604644457499187,
    1.4949592351913452,
    1.4277655680974324,
    1.4799708790249295,
    1.3862724834018283,
    1.3818333546320598,
    1.2388146585888333,
    1.2599728504816692,
    1.15232828590605,
    1.253254817591773,
    1.2487730383872986,
    1.176886432700687,
    1.0734652744399176
  ],
  "training_time": 1933.9553399085999,
  "total_batches": 495,
  "total_samples": 31230,
  "checkpoint_paths": [
    "phase1_pretraining/checkpoint_epoch_14.pt"
  ],
  "metrics": {
    "total_samples_processed": 31230,
    "total_triplets_created": 8175,
    "checkpoint_saves": 1,
    "training_start_time": 1775220083.250853,
    "training_end_time": 1775222017.206193
  }
}