{
  "final_loss": 0.6743674194812774,
  "epoch_losses": [
    2.124801588058472,
    1.786843934059143,
    1.6437435007095338,
    1.4764727210998536,
    1.405080976486206,
    1.2504407238960267,
    1.2447077894210816,
    1.1042066979408265,
    1.045928523540497,
    0.9977001643180847,
    0.8677071154117584,
    0.8461517906188964,
    0.7656310498714447,
    0.6793004894256591,
    0.6743674194812774
  ],
  "validation_losses": [
    2.119532346725464,
    1.719121685394874,
    1.5475000968346229,
    1.4800612192887526,
    1.4371058940887451,
    1.3173908866368806,
    1.3281124371748705,
    1.2324537497300367,
    1.215672859778771,
    1.2841537640644953,
    1.2095433336037855,
    1.1082583528298597,
    1.1185130981298594,
    1.0762659861491277,
    1.0960576671820421
  ],
  "training_time": 98.60490584373474,
  "total_batches": 375,
  "total_samples": 24000,
  "checkpoint_paths": [
    "phase1_pretraining/checkpoint_epoch_14.pt"
  ],
  "metrics": {
    "total_samples_processed": 24000,
    "total_triplets_created": 6000,
    "checkpoint_saves": 1,
    "training_start_time": 1776600221.683798,
    "training_end_time": 1776600320.288704
  }
}