{
  "phase": "phase1_contrastive",
  "evaluation_method": "cosine_similarity",
  "optimal_threshold": 0.52,
  "metrics": {
    "accuracy": 0.5725338491295938,
    "precision": 0.3377049180327869,
    "recall": 0.8442622950819673,
    "f1_score": 0.48243559718969553,
    "auc_roc": 0.7205851836480598
  },
  "confusion_matrix": {
    "true_positives": 103,
    "true_negatives": 193,
    "false_positives": 202,
    "false_negatives": 19
  },
  "similarity_stats": {
    "positive_mean": 0.8208892345428467,
    "positive_std": 0.059214938431978226,
    "negative_mean": 0.7430891394615173,
    "negative_std": 0.10751704126596451,
    "separation": 0.07780009508132935
  },
  "dataset_size": 517,
  "checkpoint": "phase1_pretraining/best_checkpoint.pt",
  "dataset_path": "preprocess/data_splits_v3/validation.jsonl"
}