{
  "final_loss": 0.6312820099294185,
  "epoch_losses": [
    1.9677809745073318,
    1.6160564482212068,
    1.4202179238200188,
    1.2948827862739563,
    1.168500302731991,
    1.0724503457546235,
    1.1139028787612915,
    0.9206937544047833,
    0.9469856947660447,
    0.8121770054101944,
    0.8008772552013397,
    0.7674285519868136,
    0.663724385201931,
    0.7005751438438892,
    0.6312820099294185
  ],
  "validation_losses": [
    1.6126178900400798,
    1.5022554861174688,
    1.2432908879386053,
    1.3201968272527058,
    1.179433524608612,
    1.0806419385804071,
    1.1453613506423101,
    1.037516799237993,
    0.983988450633155,
    1.072627219888899,
    0.963319374455346,
    0.9706043601036072,
    0.9707757433255514,
    0.8010591434107887,
    0.8494431840048896
  ],
  "training_time": 82.91202878952026,
  "total_batches": 600,
  "total_samples": 37485,
  "checkpoint_paths": [
    "phase1_pretraining/checkpoint_epoch_14.pt"
  ],
  "metrics": {
    "total_samples_processed": 37485,
    "total_triplets_created": 9810,
    "checkpoint_saves": 1,
    "training_start_time": 1776230323.555179,
    "training_end_time": 1776230406.467208
  }
}