{
  "final_loss": 1.111642462015152,
  "epoch_losses": [
    2.226452147960663,
    2.0599159002304077,
    1.839074170589447,
    1.7588174939155579,
    1.7481404662132263,
    1.5344947695732116,
    1.5862289071083069,
    1.4176974892616272,
    1.3925301074981689,
    1.375824010372162,
    1.387137496471405,
    1.1920762598514556,
    1.1809625148773193,
    1.1198368191719055,
    1.111642462015152
  ],
  "validation_losses": [
    2.1591659692617564,
    1.9809875396581798,
    1.932713352716886,
    1.803580953524663,
    1.956751640026386,
    1.7672929947192852,
    1.7065589061150184,
    1.6495022406944861,
    1.7174499309979951,
    1.5678206315407386,
    1.578834001834576,
    1.5602724918952355,
    1.5630340897119963,
    1.508457431426415,
    1.486506544626676
  ],
  "training_time": 1384.766855955124,
  "total_batches": 150,
  "total_samples": 9600,
  "checkpoint_paths": [
    "phase1_pretraining/checkpoint_epoch_14.pt"
  ],
  "metrics": {
    "total_samples_processed": 9600,
    "total_triplets_created": 2400,
    "checkpoint_saves": 1,
    "training_start_time": 1776695644.086038,
    "training_end_time": 1776697028.852894
  }
}