{
  "phase": "phase1_contrastive",
  "evaluation_method": "cosine_similarity",
  "optimal_threshold": 0.54,
  "metrics": {
    "accuracy": 0.5942307692307692,
    "precision": 0.3720136518771331,
    "recall": 0.8014705882352942,
    "f1_score": 0.5081585081585082,
    "auc_roc": 0.7168734681372549
  },
  "confusion_matrix": {
    "true_positives": 109,
    "true_negatives": 200,
    "false_positives": 184,
    "false_negatives": 27
  },
  "similarity_stats": {
    "positive_mean": 0.8119329214096069,
    "positive_std": 0.05135723203420639,
    "negative_mean": 0.7520363926887512,
    "negative_std": 0.08274971693754196,
    "separation": 0.05989652872085571
  },
  "dataset_size": 520,
  "checkpoint": "phase1_pretraining/best_checkpoint.pt",
  "dataset_path": "preprocess/learning_curve/frac_50/validation.jsonl"
}