{
  "phase": "phase1_contrastive",
  "evaluation_method": "cosine_similarity",
  "optimal_threshold": 0.6200000000000001,
  "metrics": {
    "accuracy": 0.5153846153846153,
    "precision": 0.33236994219653176,
    "recall": 0.8455882352941176,
    "f1_score": 0.47717842323651455,
    "auc_roc": 0.6627221200980392
  },
  "confusion_matrix": {
    "true_positives": 115,
    "true_negatives": 153,
    "false_positives": 231,
    "false_negatives": 21
  },
  "similarity_stats": {
    "positive_mean": 0.8518237471580505,
    "positive_std": 0.04514896124601364,
    "negative_mean": 0.8150572776794434,
    "negative_std": 0.06934457272291183,
    "separation": 0.03676646947860718
  },
  "dataset_size": 520,
  "checkpoint": "phase1_pretraining/best_checkpoint.pt",
  "dataset_path": "preprocess/learning_curve/frac_25/validation.jsonl"
}