{
  "phase": "phase1_contrastive",
  "evaluation_method": "cosine_similarity",
  "optimal_threshold": 0.48,
  "metrics": {
    "accuracy": 0.67625,
    "precision": 0.4241645244215938,
    "recall": 0.825,
    "f1_score": 0.5602716468590832,
    "auc_roc": 0.7792416666666666
  },
  "confusion_matrix": {
    "true_positives": 165,
    "true_negatives": 376,
    "false_positives": 224,
    "false_negatives": 35
  },
  "similarity_stats": {
    "positive_mean": 0.7931109070777893,
    "positive_std": 0.06516890227794647,
    "negative_mean": 0.6791174411773682,
    "negative_std": 0.12327034026384354,
    "separation": 0.11399346590042114
  },
  "dataset_size": 800,
  "checkpoint": "phase1_pretraining/best_checkpoint.pt",
  "dataset_path": "preprocess/learning_curve_v7/frac_75/validation.jsonl"
}