{
  "final_loss": 1.110787637093488,
  "epoch_losses": [
    1.9818871494601755,
    1.885736346244812,
    1.8468975529951208,
    1.7260150278315824,
    1.506271944326513,
    1.4505386072046615,
    1.4100760466912214,
    1.2792455624131596,
    1.41540429872625,
    1.2529408475931954,
    1.2288059452000786,
    1.1828236930510576,
    1.1245235230992823,
    1.0975413041956283,
    1.110787637093488
  ],
  "validation_losses": [
    2.206974161995782,
    1.9179761012395222,
    1.8200796445210774,
    1.7568457788891263,
    1.7547734710905287,
    1.7207288477155898,
    1.679416537284851,
    1.6615819533665974,
    1.5434811777538724,
    1.5377278592851427,
    1.4856212271584406,
    1.567073835266961,
    1.532398846414354,
    1.3709112538231745,
    1.36388279332055
  ],
  "training_time": 658.1936099529266,
  "total_batches": 255,
  "total_samples": 15600,
  "checkpoint_paths": [
    "phase1_pretraining/checkpoint_epoch_14.pt"
  ],
  "metrics": {
    "total_samples_processed": 15600,
    "total_triplets_created": 4080,
    "checkpoint_saves": 1,
    "training_start_time": 1776101432.244029,
    "training_end_time": 1776102090.437639
  }
}