{
  "ordinal_v3": {
    "tier_stats": {
      "good_fit": {
        "count": 135,
        "mean": 0.5766373872756958,
        "std": 0.12559854984283447,
        "median": 0.5902665853500366,
        "min": 0.21606221795082092,
        "max": 0.8476146459579468
      },
      "potential_fit": {
        "count": 113,
        "mean": 0.5216057300567627,
        "std": 0.16851644217967987,
        "median": 0.5287330150604248,
        "min": -0.0076096802949905396,
        "max": 0.840918779373169
      },
      "no_fit": {
        "count": 268,
        "mean": 0.40399226546287537,
        "std": 0.22865842282772064,
        "median": 0.4554683268070221,
        "min": -0.2667997181415558,
        "max": 0.8295122981071472
      }
    },
    "separations": {
      "good_vs_potential": {
        "mean_diff": 0.055031657218933105,
        "cohens_d": 0.3735660910606384,
        "mannwhitney_p": 0.008329331633255818
      },
      "potential_vs_no": {
        "mean_diff": 0.11761346459388733,
        "cohens_d": 0.5517526268959045,
        "mannwhitney_p": 1.9156269872430664e-06
      },
      "good_vs_no": {
        "mean_diff": 0.17264512181282043,
        "cohens_d": 0.8604961633682251,
        "mannwhitney_p": 2.4682584212640862e-14
      }
    },
    "pairwise_ordering": {
      "good_above_potential": 0.5883316945263848,
      "potential_above_no": 0.6498150838726721,
      "good_above_no": 0.7298231066887784
    },
    "ordinal_triplet_accuracy": 0.3084,
    "kendalls_tau": {
      "tau": 0.27253862371857096,
      "p_value": 1.6840112019286485e-15
    },
    "spearmans_rho": {
      "rho": 0.34928264568622397,
      "p_value": 2.98887933154157e-16
    },
    "three_class_auc_ovr": 0.6270754334549637,
    "binary_aucs": {
      "good_vs_rest": 0.6878584621366775,
      "potential_vs_no": 0.649815083872672,
      "good_vs_potential": 0.5883316945263848
    },
    "classification": {
      "optimal_thresholds": {
        "t_high": 0.6600000000000004,
        "t_low": 0.64
      },
      "accuracy": 0.5406976744186046,
      "macro_f1": 0.3978349449613818,
      "weighted_f1": 0.48205032465925274,
      "per_class": {
        "good_fit": {
          "precision": 0.41237113402061853,
          "recall": 0.2962962962962963,
          "f1": 0.3448275862068966,
          "support": 135.0
        },
        "potential_fit": {
          "precision": 0.5,
          "recall": 0.09734513274336283,
          "f1": 0.16296296296296298,
          "support": 113.0
        },
        "no_fit": {
          "precision": 0.5743073047858942,
          "recall": 0.8507462686567164,
          "f1": 0.6857142857142857,
          "support": 268.0
        }
      },
      "exact_accuracy": 0.5406976744186046,
      "adjacent_accuracy": 0.7596899224806202,
      "ordinal_mae": 0.6996124031007752,
      "confusion_matrix": {
        "true_good_fit_pred_good_fit": 40,
        "true_good_fit_pred_potential_fit": 5,
        "true_good_fit_pred_no_fit": 90,
        "true_potential_fit_pred_good_fit": 23,
        "true_potential_fit_pred_potential_fit": 11,
        "true_potential_fit_pred_no_fit": 79,
        "true_no_fit_pred_good_fit": 34,
        "true_no_fit_pred_potential_fit": 6,
        "true_no_fit_pred_no_fit": 228
      }
    },
    "ranking": {
      "ndcg_full": 0.8493908744654602,
      "ndcg@10": 0.5474288192289452,
      "ndcg@20": 0.5416831430854628,
      "ndcg@50": 0.5135717536871025,
      "map_broad": 0.635707329254637,
      "map_strict": 0.38932274315615323,
      "weighted_map": 0.638219382595836,
      "precisions_at_k": {
        "p@5_broad": 0.6,
        "p@5_strict": 0.4,
        "p@5_weighted": 0.5,
        "p@10_broad": 0.7,
        "p@10_strict": 0.4,
        "p@10_weighted": 0.55,
        "p@20_broad": 0.75,
        "p@20_strict": 0.4,
        "p@20_weighted": 0.575,
        "p@50_broad": 0.68,
        "p@50_strict": 0.4,
        "p@50_weighted": 0.54
      }
    }
  }
}