{
  "phase": "phase1_contrastive",
  "evaluation_method": "cosine_similarity",
  "optimal_threshold": 0.5800000000000001,
  "metrics": {
    "accuracy": 0.5980769230769231,
    "precision": 0.3701067615658363,
    "recall": 0.7647058823529411,
    "f1_score": 0.4988009592326139,
    "auc_roc": 0.6726983762254901
  },
  "confusion_matrix": {
    "true_positives": 104,
    "true_negatives": 207,
    "false_positives": 177,
    "false_negatives": 32
  },
  "similarity_stats": {
    "positive_mean": 0.8180923461914062,
    "positive_std": 0.05265058949589729,
    "negative_mean": 0.7597271800041199,
    "negative_std": 0.09979448467493057,
    "separation": 0.05836516618728638
  },
  "dataset_size": 520,
  "checkpoint": "phase1_pretraining/best_checkpoint.pt",
  "dataset_path": "preprocess/learning_curve/frac_50/validation.jsonl"
}