{
  "final_loss": 0.9512116096236489,
  "epoch_losses": [
    2.109063997413173,
    1.6974666317303975,
    1.5055966720436558,
    1.3643574723691652,
    1.2400355980251774,
    1.5087813012527698,
    1.3687614744359797,
    1.316952261057767,
    1.2700878481070201,
    1.1712500254313152,
    1.158802282629591,
    1.1193892152020426,
    1.0602420672322765,
    0.995293016686584,
    0.9512116096236489
  ],
  "validation_losses": [
    1.8131519953409831,
    1.51190271642473,
    1.5008557240168254,
    1.306135442521837,
    1.2814186149173312,
    1.4973951710595026,
    1.474935041533576,
    1.3200590345594618,
    1.329934000968933,
    1.3625568019019232,
    1.3103752136230469,
    1.2909044822057087,
    1.1813792718781366,
    1.1091216405232747,
    1.1614235705799527
  ],
  "training_time": 77.79297995567322,
  "total_batches": 990,
  "total_samples": 62505,
  "checkpoint_paths": [
    "phase1_pretraining/checkpoint_epoch_14.pt"
  ],
  "metrics": {
    "total_samples_processed": 62505,
    "total_triplets_created": 16365,
    "checkpoint_saves": 1,
    "training_start_time": 1774745213.404661,
    "training_end_time": 1774745291.197641
  }
}