{
  "final_loss": 0.6421512898170587,
  "epoch_losses": [
    2.018213922327215,
    1.7316945430004236,
    1.4752845294547803,
    1.398039754593011,
    1.2280301541993113,
    1.1677387447068186,
    1.0566159450646602,
    0.9980825673450123,
    0.9114474834817828,
    0.8416855976437078,
    0.8120591387604222,
    0.7563328616546862,
    0.7451542570735469,
    0.6468287652189081,
    0.6421512898170587
  ],
  "validation_losses": [
    1.878676348262363,
    1.616074760754903,
    1.5096059905158148,
    1.2578543225924175,
    1.145244426197476,
    1.1525652408599854,
    1.09702064593633,
    0.9675853583547804,
    1.1039376325077481,
    0.8391825556755066,
    0.9451503356297811,
    0.97505298588011,
    0.8934805260764228,
    0.8380950424406264,
    0.9165372252464294
  ],
  "training_time": 34.10612225532532,
  "total_batches": 495,
  "total_samples": 31230,
  "checkpoint_paths": [
    "phase1_pretraining/checkpoint_epoch_14.pt"
  ],
  "metrics": {
    "total_samples_processed": 31230,
    "total_triplets_created": 8175,
    "checkpoint_saves": 1,
    "training_start_time": 1775127467.490363,
    "training_end_time": 1775127501.5964851
  }
}