{
  "final_loss": 0.04781645513694024,
  "epoch_losses": [
    0.5912152172199318,
    0.28567488133419483,
    0.22318420293075697,
    0.16703760100617296,
    0.14358542846249683,
    0.1259467418893196,
    0.1292519015925271,
    0.0950848714537209,
    0.09718656317064804,
    0.08469931989730824,
    0.06933487319786634,
    0.07012647239580042,
    0.05164421751258141,
    0.05111872388321596,
    0.04781645513694024
  ],
  "validation_losses": [
    0.3972412518092564,
    0.2862771132162639,
    0.19839061690228327,
    0.16459993539111956,
    0.12987454341990606,
    0.12420122165765081,
    0.09387914304222379,
    0.10496047671352114,
    0.09921002135212932,
    0.11169372113155467,
    0.09007890176560197,
    0.07565536855586938,
    0.07928798055010182,
    0.08832900319248438,
    0.05534047793064799
  ],
  "training_time": 1412.785922050476,
  "total_batches": 1260,
  "total_samples": 79800,
  "checkpoint_paths": [
    "phase1_pretraining/checkpoint_epoch_14.pt"
  ],
  "metrics": {
    "total_samples_processed": 79800,
    "total_triplets_created": 38850,
    "checkpoint_saves": 1,
    "training_start_time": 1776824146.379224,
    "training_end_time": 1776825559.165146
  }
}