{
  "phase": "phase1_contrastive",
  "evaluation_method": "cosine_similarity",
  "optimal_threshold": 0.54,
  "metrics": {
    "accuracy": 0.5884615384615385,
    "precision": 0.37337662337662336,
    "recall": 0.8455882352941176,
    "f1_score": 0.5180180180180181,
    "auc_roc": 0.7212105545343137
  },
  "confusion_matrix": {
    "true_positives": 115,
    "true_negatives": 191,
    "false_positives": 193,
    "false_negatives": 21
  },
  "similarity_stats": {
    "positive_mean": 0.8230218291282654,
    "positive_std": 0.053486261516809464,
    "negative_mean": 0.7519676089286804,
    "negative_std": 0.09967090934515,
    "separation": 0.07105422019958496
  },
  "dataset_size": 520,
  "checkpoint": "phase1_pretraining/best_checkpoint.pt",
  "dataset_path": "preprocess/data_splits_v6/validation.jsonl"
}