{
  "final_loss": 0.8450660337420071,
  "epoch_losses": [
    2.209610939025879,
    1.8013224110883825,
    1.7333539654226864,
    1.5693146060494816,
    1.5818708714316874,
    1.410140549435335,
    1.2934711715754341,
    1.2711214738733627,
    1.2127403126043432,
    1.1825800748432385,
    1.110085194601732,
    1.0840970904511564,
    1.1074575887006872,
    0.9376517288825091,
    0.8450660337420071
  ],
  "validation_losses": [
    1.8667002651426527,
    2.0773789485295615,
    1.8314825693766277,
    1.6763711240556505,
    1.811575214068095,
    1.5248630974027846,
    1.5508193969726562,
    1.450697832637363,
    1.5583377414279513,
    1.3805400265587702,
    1.3858295281728108,
    1.4598480992847018,
    1.2602649529774983,
    1.4922590918011136,
    1.267095473077562
  ],
  "training_time": 1224.1927151679993,
  "total_batches": 255,
  "total_samples": 15600,
  "checkpoint_paths": [
    "phase1_pretraining/checkpoint_epoch_14.pt"
  ],
  "metrics": {
    "total_samples_processed": 15600,
    "total_triplets_created": 4080,
    "checkpoint_saves": 1,
    "training_start_time": 1775124943.358319,
    "training_end_time": 1775126167.5510342
  }
}