{
  "final_loss": 0.7516137838363648,
  "epoch_losses": [
    2.2251165294647217,
    1.8828973579406738,
    1.7052931785583496,
    1.6163436365127564,
    1.4069624185562133,
    1.3365496683120728,
    1.272511305809021,
    1.2032296872138977,
    1.0958055639266968,
    0.9733058762550354,
    0.9124841833114624,
    0.859254674911499,
    0.8284591066837311,
    0.7401237404346466,
    0.7516137838363648
  ],
  "validation_losses": [
    2.0638361160571757,
    1.8782583933610182,
    1.6873147854438195,
    1.6241098458950336,
    1.482386167232807,
    1.5041294602247386,
    1.3964024507082426,
    1.329129526248345,
    1.2405591652943537,
    1.3526123670431285,
    1.2370535272818346,
    1.1739839911460876,
    1.1825337180724511,
    1.0815559029579163,
    1.0589445279194758
  ],
  "training_time": 2974.0761210918427,
  "total_batches": 375,
  "total_samples": 24000,
  "checkpoint_paths": [
    "phase1_pretraining/checkpoint_epoch_14.pt"
  ],
  "metrics": {
    "total_samples_processed": 24000,
    "total_triplets_created": 6000,
    "checkpoint_saves": 1,
    "training_start_time": 1776600986.49174,
    "training_end_time": 1776603960.567861
  }
}