{
  "final_loss": 0.7791247467199961,
  "epoch_losses": [
    2.15189923842748,
    1.8232561584674951,
    1.624824178941322,
    1.4436950159795356,
    1.3411829426433102,
    1.4725266839518691,
    1.349435846010844,
    1.2252670806465726,
    1.1543751927939327,
    1.101839699528434,
    1.008163006919803,
    0.9028604319601348,
    0.8813675100153143,
    0.8189009102908048,
    0.7791247467199961
  ],
  "validation_losses": [
    1.8800767792595758,
    1.7920959790547688,
    1.521786047352685,
    1.3968074586656358,
    1.4014083941777546,
    1.4402894311481051,
    1.3664808008405898,
    1.4054487546284993,
    1.3582727114359539,
    1.2749577826923795,
    1.2728905545340643,
    1.1373221476872761,
    1.0633244911829631,
    1.0084069238768683,
    0.9894697666168213
  ],
  "training_time": 5105.94982624054,
  "total_batches": 990,
  "total_samples": 62505,
  "checkpoint_paths": [
    "phase1_pretraining/checkpoint_epoch_14.pt"
  ],
  "metrics": {
    "total_samples_processed": 62505,
    "total_triplets_created": 16365,
    "checkpoint_saves": 1,
    "training_start_time": 1774715309.6616478,
    "training_end_time": 1774720415.611474
  }
}