{
  "phase": "phase1_contrastive",
  "evaluation_method": "cosine_similarity",
  "optimal_threshold": 0.54,
  "metrics": {
    "accuracy": 0.6230769230769231,
    "precision": 0.39361702127659576,
    "recall": 0.8161764705882353,
    "f1_score": 0.5311004784688995,
    "auc_roc": 0.738491881127451
  },
  "confusion_matrix": {
    "true_positives": 111,
    "true_negatives": 213,
    "false_positives": 171,
    "false_negatives": 25
  },
  "similarity_stats": {
    "positive_mean": 0.8171194195747375,
    "positive_std": 0.05523679405450821,
    "negative_mean": 0.7494039535522461,
    "negative_std": 0.08630982786417007,
    "separation": 0.06771546602249146
  },
  "dataset_size": 520,
  "checkpoint": "phase1_pretraining/best_checkpoint.pt",
  "dataset_path": "preprocess/data_splits_v6/validation.jsonl"
}