{
  "final_loss": 0.4428959653684587,
  "epoch_losses": [
    1.9373682358048179,
    1.4877914759245785,
    1.3110573291778564,
    1.1540733178456624,
    1.1011610880042568,
    0.9898204026800214,
    0.8652778751019276,
    0.8135003230788491,
    0.7422411628067493,
    0.6479863263454966,
    0.6164466608880144,
    0.5726308052738508,
    0.5055718892112826,
    0.46895330486762704,
    0.4428959653684587
  ],
  "validation_losses": [
    1.5654579533471003,
    1.350868026415507,
    1.1347621149486966,
    1.1001330547862582,
    1.0839216510454814,
    1.0225034554799397,
    0.8649406101968553,
    0.7986247870657179,
    0.8229326870706346,
    0.8317976792653402,
    0.820399112171597,
    0.6853132016128964,
    0.6881556494368447,
    0.6129983100626204,
    0.630746540096071
  ],
  "training_time": 62.19917106628418,
  "total_batches": 990,
  "total_samples": 62505,
  "checkpoint_paths": [
    "phase1_pretraining/checkpoint_epoch_14.pt"
  ],
  "metrics": {
    "total_samples_processed": 62505,
    "total_triplets_created": 16365,
    "checkpoint_saves": 1,
    "training_start_time": 1773355096.958357,
    "training_end_time": 1773355159.1575282
  }
}