{
  "final_loss": 0.6517340369296797,
  "epoch_losses": [
    1.9785463918339123,
    1.6357164744174841,
    1.487064874533451,
    1.3512943242535447,
    1.249618689219157,
    1.202631469928857,
    1.099173863728841,
    1.051075993162213,
    1.0031257036960486,
    0.897310197353363,
    0.8704328934351603,
    0.85535595814387,
    0.7586413242600181,
    0.7069286686001401,
    0.6517340369296797
  ],
  "validation_losses": [
    1.7476619879404705,
    1.6402568419774373,
    1.4239695403310988,
    1.2681192027197943,
    1.177700400352478,
    1.121830357445611,
    1.0906972620222304,
    1.0378373861312866,
    1.0227789084116619,
    1.0473103324572246,
    1.002150787247552,
    0.9650903013017442,
    0.958270874288347,
    0.9203514026270972,
    0.9060328006744385
  ],
  "training_time": 32.118988037109375,
  "total_batches": 495,
  "total_samples": 31230,
  "checkpoint_paths": [
    "phase1_pretraining/checkpoint_epoch_14.pt"
  ],
  "metrics": {
    "total_samples_processed": 31230,
    "total_triplets_created": 8175,
    "checkpoint_saves": 1,
    "training_start_time": 1776108115.8312771,
    "training_end_time": 1776108147.9502652
  }
}