{
  "phase": "phase1_contrastive",
  "evaluation_method": "cosine_similarity",
  "optimal_threshold": 0.43999999999999995,
  "metrics": {
    "accuracy": 0.675,
    "precision": 0.42346938775510207,
    "recall": 0.83,
    "f1_score": 0.5608108108108109,
    "auc_roc": 0.7658333333333334
  },
  "confusion_matrix": {
    "true_positives": 166,
    "true_negatives": 374,
    "false_positives": 226,
    "false_negatives": 34
  },
  "similarity_stats": {
    "positive_mean": 0.779524028301239,
    "positive_std": 0.07026860117912292,
    "negative_mean": 0.6752901673316956,
    "negative_std": 0.11736831068992615,
    "separation": 0.10423386096954346
  },
  "dataset_size": 800,
  "checkpoint": "phase1_pretraining/best_checkpoint.pt",
  "dataset_path": "preprocess/learning_curve_v7/frac_75/validation.jsonl"
}