{
  "phase": "phase1_contrastive",
  "evaluation_method": "cosine_similarity",
  "optimal_threshold": 0.6200000000000001,
  "metrics": {
    "accuracy": 0.6480769230769231,
    "precision": 0.40329218106995884,
    "recall": 0.7205882352941176,
    "f1_score": 0.5171503957783641,
    "auc_roc": 0.7310049019607844
  },
  "confusion_matrix": {
    "true_positives": 98,
    "true_negatives": 239,
    "false_positives": 145,
    "false_negatives": 38
  },
  "similarity_stats": {
    "positive_mean": 0.8334187269210815,
    "positive_std": 0.0514078214764595,
    "negative_mean": 0.7729277610778809,
    "negative_std": 0.08182018250226974,
    "separation": 0.060490965843200684
  },
  "dataset_size": 520,
  "checkpoint": "phase1_pretraining/best_checkpoint.pt",
  "dataset_path": "preprocess/data_splits_v6/validation.jsonl"
}