{
  "phase": "phase1_contrastive",
  "evaluation_method": "cosine_similarity",
  "optimal_threshold": 0.5,
  "metrics": {
    "accuracy": 0.71,
    "precision": 0.45604395604395603,
    "recall": 0.83,
    "f1_score": 0.5886524822695035,
    "auc_roc": 0.7886166666666665
  },
  "confusion_matrix": {
    "true_positives": 166,
    "true_negatives": 402,
    "false_positives": 198,
    "false_negatives": 34
  },
  "similarity_stats": {
    "positive_mean": 0.8033590912818909,
    "positive_std": 0.07145518809556961,
    "negative_mean": 0.6844255328178406,
    "negative_std": 0.12210550904273987,
    "separation": 0.11893355846405029
  },
  "dataset_size": 800,
  "checkpoint": "phase1_pretraining/best_checkpoint.pt",
  "dataset_path": "preprocess/data_splits_v7/validation.jsonl"
}