{
  "final_loss": 0.9285102725028992,
  "epoch_losses": [
    2.0007681608200074,
    1.6500161290168762,
    1.5242169141769408,
    1.4921716451644897,
    1.557137131690979,
    1.3266497254371643,
    1.22955424785614,
    1.2348755717277526,
    1.1363960385322571,
    1.0979944944381714,
    1.0182374477386475,
    1.0696261525154114,
    0.9568803191184998,
    1.0388331055641173,
    0.9285102725028992
  ],
  "validation_losses": [
    1.9471903855984027,
    1.7601261047216563,
    1.723718441449679,
    1.6203540013386653,
    1.5309272454335139,
    1.4958013204427867,
    1.4450674515504103,
    1.391373689358051,
    1.3585007740901067,
    1.36172681588393,
    1.3110993000177236,
    1.2783404267751253,
    1.301910978097182,
    1.3333227175932665,
    1.2912280605389521
  ],
  "training_time": 1384.613123178482,
  "total_batches": 150,
  "total_samples": 9600,
  "checkpoint_paths": [
    "phase1_pretraining/checkpoint_epoch_14.pt"
  ],
  "metrics": {
    "total_samples_processed": 9600,
    "total_triplets_created": 2400,
    "checkpoint_saves": 1,
    "training_start_time": 1776693184.387719,
    "training_end_time": 1776694569.000842
  }
}