{
  "final_loss": 0.5121294146860546,
  "epoch_losses": [
    1.9517964282125797,
    1.5415379213836957,
    1.3430552718774327,
    1.2138001120315407,
    1.0837926246085257,
    0.9740069294875523,
    0.9401723405100265,
    0.8554248101306412,
    0.8068689850141417,
    0.7096403215853673,
    0.6255711153993067,
    0.63659154103612,
    0.5606414149954634,
    0.5104912584120372,
    0.5121294146860546
  ],
  "validation_losses": [
    1.625717666414049,
    1.4903504186206393,
    1.3018935521443684,
    1.0855932765536838,
    1.1417906284332275,
    1.0226829316880968,
    1.0349872178501553,
    1.0187535881996155,
    0.7864203386836581,
    0.8261689676178826,
    0.7477602892451816,
    0.8130688700411055,
    0.7479358249240451,
    0.772336913479699,
    0.7467589908175998
  ],
  "training_time": 52.58428597450256,
  "total_batches": 795,
  "total_samples": 49980,
  "checkpoint_paths": [
    "phase1_pretraining/checkpoint_epoch_14.pt"
  ],
  "metrics": {
    "total_samples_processed": 49980,
    "total_triplets_created": 13080,
    "checkpoint_saves": 1,
    "training_start_time": 1776281716.1568499,
    "training_end_time": 1776281768.7411358
  }
}