{
  "phase": "phase1_contrastive",
  "evaluation_method": "cosine_similarity",
  "optimal_threshold": 0.52,
  "metrics": {
    "accuracy": 0.4653846153846154,
    "precision": 0.3207070707070707,
    "recall": 0.9338235294117647,
    "f1_score": 0.4774436090225564,
    "auc_roc": 0.6437270220588236
  },
  "confusion_matrix": {
    "true_positives": 127,
    "true_negatives": 115,
    "false_positives": 269,
    "false_negatives": 9
  },
  "similarity_stats": {
    "positive_mean": 0.8253295421600342,
    "positive_std": 0.04708614945411682,
    "negative_mean": 0.7867085933685303,
    "negative_std": 0.07685014605522156,
    "separation": 0.038620948791503906
  },
  "dataset_size": 520,
  "checkpoint": "phase1_pretraining/best_checkpoint.pt",
  "dataset_path": "preprocess/learning_curve/frac_25/validation.jsonl"
}