{
  "ordinal_v3": {
    "tier_stats": {
      "good_fit": {
        "count": 136,
        "mean": 0.6621090173721313,
        "std": 0.10231010615825653,
        "median": 0.6813011169433594,
        "min": 0.38562923669815063,
        "max": 0.8650524616241455
      },
      "potential_fit": {
        "count": 114,
        "mean": 0.6379705667495728,
        "std": 0.11667466908693314,
        "median": 0.6502021551132202,
        "min": 0.3195258378982544,
        "max": 0.855850338935852
      },
      "no_fit": {
        "count": 270,
        "mean": 0.5241193175315857,
        "std": 0.19930782914161682,
        "median": 0.5673483610153198,
        "min": -0.05607060343027115,
        "max": 0.8440824747085571
      }
    },
    "separations": {
      "good_vs_potential": {
        "mean_diff": 0.024138450622558594,
        "cohens_d": 0.22037363052368164,
        "mannwhitney_p": 0.05150071257908659
      },
      "potential_vs_no": {
        "mean_diff": 0.11385124921798706,
        "cohens_d": 0.6350659728050232,
        "mannwhitney_p": 1.428718915128281e-07
      },
      "good_vs_no": {
        "mean_diff": 0.13798969984054565,
        "cohens_d": 0.7957345843315125,
        "mannwhitney_p": 5.845450535389605e-13
      }
    },
    "pairwise_ordering": {
      "good_above_potential": 0.5599200206398349,
      "potential_above_no": 0.6657244964262509,
      "good_above_no": 0.7160675381263617
    },
    "ordinal_triplet_accuracy": 0.307,
    "kendalls_tau": {
      "tau": 0.26388820075978936,
      "p_value": 9.943186355972215e-15
    },
    "spearmans_rho": {
      "rho": 0.3379065026490164,
      "p_value": 2.3544629088474646e-15
    },
    "three_class_auc_ovr": 0.6209407849945534,
    "binary_aucs": {
      "good_vs_rest": 0.669711243872549,
      "potential_vs_no": 0.6657244964262508,
      "good_vs_potential": 0.5599200206398349
    },
    "classification": {
      "optimal_thresholds": {
        "t_high": 0.7000000000000004,
        "t_low": 0.7000000000000001
      },
      "accuracy": 0.5384615384615384,
      "macro_f1": 0.369297822239773,
      "weighted_f1": 0.4663683032776096,
      "per_class": {
        "good_fit": {
          "precision": 0.40540540540540543,
          "recall": 0.4411764705882353,
          "f1": 0.4225352112676056,
          "support": 136.0
        },
        "potential_fit": {
          "precision": 0.0,
          "recall": 0.0,
          "f1": 0.0,
          "support": 114.0
        },
        "no_fit": {
          "precision": 0.5913978494623656,
          "recall": 0.8148148148148148,
          "f1": 0.6853582554517134,
          "support": 270.0
        }
      },
      "exact_accuracy": 0.5384615384615384,
      "adjacent_accuracy": 0.7576923076923077,
      "ordinal_mae": 0.7038461538461539,
      "confusion_matrix": {
        "true_good_fit_pred_good_fit": 60,
        "true_good_fit_pred_potential_fit": 0,
        "true_good_fit_pred_no_fit": 76,
        "true_potential_fit_pred_good_fit": 38,
        "true_potential_fit_pred_potential_fit": 0,
        "true_potential_fit_pred_no_fit": 76,
        "true_no_fit_pred_good_fit": 50,
        "true_no_fit_pred_potential_fit": 0,
        "true_no_fit_pred_no_fit": 220
      }
    },
    "ranking": {
      "ndcg_full": 0.8438294866153021,
      "ndcg@10": 0.5494586623852432,
      "ndcg@20": 0.5175413624782924,
      "ndcg@50": 0.4800117453892682,
      "map_broad": 0.6338800271981705,
      "map_strict": 0.3705597146474915,
      "weighted_map": 0.6354679572543224,
      "precisions_at_k": {
        "p@5_broad": 0.8,
        "p@5_strict": 0.2,
        "p@5_weighted": 0.5,
        "p@10_broad": 0.7,
        "p@10_strict": 0.4,
        "p@10_weighted": 0.55,
        "p@20_broad": 0.65,
        "p@20_strict": 0.4,
        "p@20_weighted": 0.525,
        "p@50_broad": 0.68,
        "p@50_strict": 0.34,
        "p@50_weighted": 0.51
      }
    }
  }
}