{
  "phase": "phase1_contrastive",
  "evaluation_method": "cosine_similarity",
  "optimal_threshold": 0.41999999999999993,
  "metrics": {
    "accuracy": 0.39615384615384613,
    "precision": 0.2958715596330275,
    "recall": 0.9485294117647058,
    "f1_score": 0.45104895104895104,
    "auc_roc": 0.6291551776960784
  },
  "confusion_matrix": {
    "true_positives": 129,
    "true_negatives": 77,
    "false_positives": 307,
    "false_negatives": 7
  },
  "similarity_stats": {
    "positive_mean": 0.8121622800827026,
    "positive_std": 0.05573830008506775,
    "negative_mean": 0.7738619446754456,
    "negative_std": 0.08549795299768448,
    "separation": 0.03830033540725708
  },
  "dataset_size": 520,
  "checkpoint": "phase1_pretraining/best_checkpoint.pt",
  "dataset_path": "preprocess/learning_curve_nested/frac_40/validation.jsonl"
}