{
  "final_loss": 0.9514690160751342,
  "epoch_losses": [
    2.2530273318290712,
    2.0922685265541077,
    1.7317692518234253,
    1.6213720202445985,
    1.714411234855652,
    1.636686336994171,
    1.4911438703536988,
    1.2567304372787476,
    1.3094155430793761,
    1.3016837656497955,
    1.1944609880447388,
    1.1774149596691132,
    1.0169298887252807,
    0.9767023742198944,
    0.9514690160751342
  ],
  "validation_losses": [
    2.099997245348417,
    1.9613681939932017,
    1.876084254338191,
    1.8136363946474516,
    1.8031907356702364,
    1.838636407485375,
    1.750014222585238,
    1.7340923089247484,
    1.7412885060677161,
    1.6790987619986901,
    1.6634446107424223,
    1.6949452803685114,
    1.6844210808093731,
    1.5470560238911555,
    1.6782395472893348
  ],
  "training_time": 76.73802423477173,
  "total_batches": 150,
  "total_samples": 9600,
  "checkpoint_paths": [
    "phase1_pretraining/checkpoint_epoch_14.pt"
  ],
  "metrics": {
    "total_samples_processed": 9600,
    "total_triplets_created": 2400,
    "checkpoint_saves": 1,
    "training_start_time": 1776692607.9641118,
    "training_end_time": 1776692684.702136
  }
}