{
  "phase": "phase1_contrastive",
  "evaluation_method": "cosine_similarity",
  "optimal_threshold": -1.0,
  "metrics": {
    "accuracy": 0.48645598194130923,
    "precision": 0.48645598194130923,
    "recall": 1.0,
    "f1_score": 0.6545178435839029,
    "auc_roc": 0.5132505545498585
  },
  "confusion_matrix": {
    "true_positives": 431,
    "true_negatives": 0,
    "false_positives": 455,
    "false_negatives": 0
  },
  "similarity_stats": {
    "positive_mean": 0.8293874859809875,
    "positive_std": 0.06777938455343246,
    "negative_mean": 0.830535352230072,
    "negative_std": 0.05827848240733147,
    "separation": 0.0011478662490844727
  },
  "dataset_size": 886,
  "checkpoint": "phase1_pretraining/best_checkpoint.pt",
  "dataset_path": "preprocess/indian_learning_curve/frac_75/validation.jsonl"
}