{
  "final_loss": 1.1368684768676758,
  "epoch_losses": [
    1.9438700250216894,
    2.0631918566567555,
    1.7538102184023177,
    1.6722440719604492,
    1.6951495579310827,
    1.6456365585327148,
    1.526908346584865,
    1.417159949030195,
    1.5063013519559587,
    1.3819695285388403,
    1.3465991701398576,
    1.26592298916408,
    1.2372594135148185,
    1.287617632320949,
    1.1368684768676758
  ],
  "validation_losses": [
    2.003960821363661,
    2.1400093767378063,
    2.0887733830346003,
    1.9424422846900091,
    2.043474621242947,
    1.9295635090933905,
    1.8929481903711955,
    2.0126911799112954,
    1.8401961591508653,
    2.0353660451041327,
    1.7414539787504408,
    1.805249982410007,
    1.8579046461317275,
    1.913928747177124,
    1.7063481940163507
  ],
  "training_time": 236.95503091812134,
  "total_batches": 105,
  "total_samples": 6240,
  "checkpoint_paths": [
    "phase1_pretraining/checkpoint_epoch_14.pt"
  ],
  "metrics": {
    "total_samples_processed": 6240,
    "total_triplets_created": 1635,
    "checkpoint_saves": 1,
    "training_start_time": 1775998707.869635,
    "training_end_time": 1775998944.824666
  }
}