{
  "phase": "phase1_contrastive",
  "evaluation_method": "cosine_similarity",
  "optimal_threshold": 0.5800000000000001,
  "metrics": {
    "accuracy": 0.42115384615384616,
    "precision": 0.308584686774942,
    "recall": 0.9779411764705882,
    "f1_score": 0.4691358024691358,
    "auc_roc": 0.628140318627451
  },
  "confusion_matrix": {
    "true_positives": 133,
    "true_negatives": 86,
    "false_positives": 298,
    "false_negatives": 3
  },
  "similarity_stats": {
    "positive_mean": 0.8684639930725098,
    "positive_std": 0.04082852974534035,
    "negative_mean": 0.8374306559562683,
    "negative_std": 0.06691044569015503,
    "separation": 0.031033337116241455
  },
  "dataset_size": 520,
  "checkpoint": "phase1_pretraining/best_checkpoint.pt",
  "dataset_path": "preprocess/learning_curve_nested/frac_20/validation.jsonl"
}