{
  "final_loss": 0.5623258568194448,
  "epoch_losses": [
    2.001216489441541,
    1.7248029246622203,
    1.5260933029408357,
    1.425164244612869,
    1.2728967374684859,
    1.1087433318702542,
    1.089868584457709,
    1.0295110831455307,
    0.8789016458452964,
    0.8927697733956941,
    0.7802984057640543,
    0.7776838589687737,
    0.6823577649739324,
    0.6357841801886656,
    0.5623258568194448
  ],
  "validation_losses": [
    1.9025631878111098,
    1.6748483313454523,
    1.4662289420763652,
    1.4126196437411838,
    1.1966498957739935,
    1.207448376549615,
    1.0217499534289043,
    1.0975781679153442,
    1.043962472014957,
    0.951519787311554,
    0.8261281781726413,
    0.8082222441832224,
    0.8625688718424903,
    0.7985071606106229,
    0.727716714143753
  ],
  "training_time": 3827.269693136215,
  "total_batches": 735,
  "total_samples": 46860,
  "checkpoint_paths": [
    "phase1_pretraining/checkpoint_epoch_14.pt"
  ],
  "metrics": {
    "total_samples_processed": 46860,
    "total_triplets_created": 12270,
    "checkpoint_saves": 1,
    "training_start_time": 1775142282.396828,
    "training_end_time": 1775146109.666521
  }
}