{
  "phase": "phase1_contrastive",
  "evaluation_method": "cosine_similarity",
  "optimal_threshold": 0.15999999999999992,
  "metrics": {
    "accuracy": 0.48758465011286684,
    "precision": 0.48700564971751414,
    "recall": 1.0,
    "f1_score": 0.6550151975683891,
    "auc_roc": 0.5219346778511511
  },
  "confusion_matrix": {
    "true_positives": 431,
    "true_negatives": 1,
    "false_positives": 454,
    "false_negatives": 0
  },
  "similarity_stats": {
    "positive_mean": 0.8341914415359497,
    "positive_std": 0.06184731796383858,
    "negative_mean": 0.8308011293411255,
    "negative_std": 0.06138851121068001,
    "separation": 0.0033903121948242188
  },
  "dataset_size": 886,
  "checkpoint": "phase1_pretraining/best_checkpoint.pt",
  "dataset_path": "preprocess/indian_learning_curve/frac_75/validation.jsonl"
}