{
  "final_loss": 0.940613593115951,
  "epoch_losses": [
    2.223362400676265,
    1.8516404845497825,
    1.62697567542394,
    1.468400032231302,
    1.3509741262956099,
    1.4912420664772843,
    1.3811878128485247,
    1.2962294771815792,
    1.19018579974319,
    1.1748332471558542,
    1.089296899058602,
    1.0465095530856738,
    0.9846041238669193,
    0.9174322603326855,
    0.940613593115951
  ],
  "validation_losses": [
    2.0535490645302668,
    1.8250135050879583,
    1.527439249886407,
    1.4874156316121419,
    1.3248672485351562,
    1.4913718038135104,
    1.4986321528752644,
    1.3952520423465304,
    1.479818065961202,
    1.4087162282731798,
    1.2200199762980144,
    1.2596596744325426,
    1.3001829716894362,
    1.109742157989078,
    1.1303984589046903
  ],
  "training_time": 7116.024967908859,
  "total_batches": 990,
  "total_samples": 62505,
  "checkpoint_paths": [
    "phase1_pretraining/checkpoint_epoch_14.pt"
  ],
  "metrics": {
    "total_samples_processed": 62505,
    "total_triplets_created": 16365,
    "checkpoint_saves": 1,
    "training_start_time": 1773258487.1059682,
    "training_end_time": 1773265603.1309361
  }
}