{
  "final_loss": 0.45318315006219423,
  "epoch_losses": [
    1.8465890884399414,
    1.468607984139369,
    1.256748405786661,
    1.1296239009270301,
    0.9932205090155968,
    0.9459906353400304,
    0.8739688483568339,
    0.7672733251865094,
    0.688924872645965,
    0.6753962732278384,
    0.6194731808625735,
    0.5707446510975177,
    0.5535166018284284,
    0.4997129960702016,
    0.45318315006219423
  ],
  "validation_losses": [
    1.4532143672307332,
    1.4545798699061077,
    1.3512654172049627,
    1.142524712615543,
    1.0236823360125225,
    0.9690908723407321,
    0.8701125582059225,
    0.8626608947912852,
    0.9294506510098776,
    0.6885583102703094,
    0.8899140622880723,
    0.7793091668023003,
    0.5514728493160672,
    0.6016303797562917,
    0.6046011249224345
  ],
  "training_time": 591.0256700515747,
  "total_batches": 975,
  "total_samples": 62145,
  "checkpoint_paths": [
    "phase1_pretraining/checkpoint_epoch_14.pt",
    "phase1_pretraining/checkpoint_epoch_9.pt"
  ],
  "metrics": {
    "total_samples_processed": 62145,
    "total_triplets_created": 16290,
    "checkpoint_saves": 1,
    "training_start_time": 1771569880.734483,
    "training_end_time": 1771570471.760153
  }
}