{
  "phase": "phase1_contrastive",
  "evaluation_method": "cosine_similarity",
  "optimal_threshold": 0.5,
  "metrics": {
    "accuracy": 0.597678916827853,
    "precision": 0.35172413793103446,
    "recall": 0.8360655737704918,
    "f1_score": 0.49514563106796117,
    "auc_roc": 0.7162896866569828
  },
  "confusion_matrix": {
    "true_positives": 102,
    "true_negatives": 207,
    "false_positives": 188,
    "false_negatives": 20
  },
  "similarity_stats": {
    "positive_mean": 0.8017473220825195,
    "positive_std": 0.057407230138778687,
    "negative_mean": 0.7268326282501221,
    "negative_std": 0.10179540514945984,
    "separation": 0.07491469383239746
  },
  "dataset_size": 517,
  "checkpoint": "phase1_pretraining/best_checkpoint.pt",
  "dataset_path": "preprocess/data_splits_v3/validation.jsonl"
}