{
  "phase": "phase1_contrastive",
  "evaluation_method": "cosine_similarity",
  "optimal_threshold": 0.52,
  "metrics": {
    "accuracy": 0.6015473887814313,
    "precision": 0.3489208633093525,
    "recall": 0.7950819672131147,
    "f1_score": 0.485,
    "auc_roc": 0.7164556962025316
  },
  "confusion_matrix": {
    "true_positives": 97,
    "true_negatives": 214,
    "false_positives": 181,
    "false_negatives": 25
  },
  "similarity_stats": {
    "positive_mean": 0.8030672669410706,
    "positive_std": 0.05731569603085518,
    "negative_mean": 0.7271871566772461,
    "negative_std": 0.10548461973667145,
    "separation": 0.07588011026382446
  },
  "dataset_size": 517,
  "checkpoint": "phase1_pretraining/best_checkpoint.pt",
  "dataset_path": "preprocess/data_splits_v4/validation.jsonl"
}