{
  "phase": "phase1_contrastive",
  "evaluation_method": "cosine_similarity",
  "optimal_threshold": 0.24,
  "metrics": {
    "accuracy": 0.45229681978798586,
    "precision": 0.30434782608695654,
    "recall": 0.9024390243902439,
    "f1_score": 0.45518453427065025,
    "auc_roc": 0.6550522648083623
  },
  "confusion_matrix": {
    "true_positives": 259,
    "true_negatives": 253,
    "false_positives": 592,
    "false_negatives": 28
  },
  "similarity_stats": {
    "positive_mean": 0.7466141581535339,
    "positive_std": 0.09743461012840271,
    "negative_mean": 0.6767175197601318,
    "negative_std": 0.1311100870370865,
    "separation": 0.0698966383934021
  },
  "dataset_size": 1132,
  "checkpoint": "phase1_pretraining/best_checkpoint.pt",
  "dataset_path": "preprocess/data_splits_new_data/validation.jsonl"
}