{
  "final_loss": 0.43412213812271755,
  "epoch_losses": [
    1.9525694767634074,
    1.5568677043914796,
    1.3433162720998129,
    1.141309735774994,
    1.032514250278473,
    0.8755626630783081,
    0.823569325208664,
    0.7399347412586212,
    0.6684234710534414,
    0.6119831601778666,
    0.5909126228094101,
    0.5564035888512929,
    0.5034658406178156,
    0.47594680935144423,
    0.43412213812271755
  ],
  "validation_losses": [
    1.7504782034800603,
    1.493087268792666,
    1.2832344724581792,
    1.0807403326034546,
    1.0124559356616094,
    0.8919912897623502,
    1.0057620681249178,
    0.8348125219345093,
    0.9654484758010278,
    0.7459995104716375,
    0.6631481280693641,
    0.7497265705695519,
    0.6541361740002265,
    0.7008797022012564,
    0.6731006296781393
  ],
  "training_time": 7031.745323181152,
  "total_batches": 1125,
  "total_samples": 72000,
  "checkpoint_paths": [
    "phase1_pretraining/checkpoint_epoch_14.pt"
  ],
  "metrics": {
    "total_samples_processed": 72000,
    "total_triplets_created": 18000,
    "checkpoint_saves": 1,
    "training_start_time": 1776606904.4663649,
    "training_end_time": 1776613936.211688
  }
}