{
  "phase": "phase1_contrastive",
  "evaluation_method": "cosine_similarity",
  "optimal_threshold": 0.6200000000000001,
  "metrics": {
    "accuracy": 0.5903846153846154,
    "precision": 0.35580524344569286,
    "recall": 0.6985294117647058,
    "f1_score": 0.47146401985111663,
    "auc_roc": 0.6577627144607844
  },
  "confusion_matrix": {
    "true_positives": 95,
    "true_negatives": 212,
    "false_positives": 172,
    "false_negatives": 41
  },
  "similarity_stats": {
    "positive_mean": 0.8287148475646973,
    "positive_std": 0.05798567831516266,
    "negative_mean": 0.7806317210197449,
    "negative_std": 0.0933048352599144,
    "separation": 0.04808312654495239
  },
  "dataset_size": 520,
  "checkpoint": "phase1_pretraining/best_checkpoint.pt",
  "dataset_path": "preprocess/learning_curve/frac_50/validation.jsonl"
}