{
  "final_loss": 1.1518708900971846,
  "epoch_losses": [
    2.2669012185299033,
    2.029291702039314,
    1.8007431463761763,
    1.6835815653656467,
    1.513124942779541,
    1.6942015127702192,
    1.5899098244580356,
    1.5143464695323596,
    1.4794539610544841,
    1.36601434693192,
    1.3741370981389827,
    1.2780215920823994,
    1.2260323636459582,
    1.1294160196275422,
    1.1518708900971846
  ],
  "validation_losses": [
    2.0634977685080633,
    1.8395807478162978,
    1.8270218239890204,
    1.5765304300520155,
    1.4809416598743863,
    1.7647876011000738,
    1.727498557832506,
    1.5939848555458918,
    1.607749581336975,
    1.540507713953654,
    1.6528042687310114,
    1.4120104312896729,
    1.4579654799567328,
    1.3612729973263211,
    1.2864257362153795
  ],
  "training_time": 2178.864610671997,
  "total_batches": 495,
  "total_samples": 31230,
  "checkpoint_paths": [
    "phase1_pretraining/checkpoint_epoch_14.pt"
  ],
  "metrics": {
    "total_samples_processed": 31230,
    "total_triplets_created": 8175,
    "checkpoint_saves": 1,
    "training_start_time": 1773300275.7759502,
    "training_end_time": 1773302454.6405609
  }
}