{
  "final_loss": 0.37085971027612685,
  "epoch_losses": [
    1.8785729396343231,
    1.4430531394481658,
    1.1711547619104385,
    0.9611769819259643,
    0.8383763775229454,
    0.747895867228508,
    0.6489030861854553,
    0.6042655825614929,
    0.5241280773282051,
    0.47671839624643325,
    0.4639629626274109,
    0.41842864386737344,
    0.43970697484910487,
    0.4106552930921316,
    0.37085971027612685
  ],
  "validation_losses": [
    1.5375233109180744,
    1.4275597792405348,
    1.0406957222865179,
    0.9167483403132513,
    1.026752884571369,
    0.7505125288779919,
    0.7447109680909377,
    0.6634742778081161,
    0.6079551852666415,
    0.6910067406984476,
    0.49894743126172286,
    0.5275247395038605,
    0.6142918627995712,
    0.6049545728243314,
    0.5255545515280503
  ],
  "training_time": 8223.92557311058,
  "total_batches": 1500,
  "total_samples": 96000,
  "checkpoint_paths": [
    "phase1_pretraining/checkpoint_epoch_4.pt",
    "phase1_pretraining/checkpoint_epoch_14.pt",
    "phase1_pretraining/checkpoint_epoch_9.pt"
  ],
  "metrics": {
    "total_samples_processed": 96000,
    "total_triplets_created": 24000,
    "checkpoint_saves": 3,
    "training_start_time": 1776573948.3007739,
    "training_end_time": 1776582172.226347
  }
}