{
  "phase": "phase1_contrastive",
  "evaluation_method": "cosine_similarity",
  "optimal_threshold": 0.52,
  "metrics": {
    "accuracy": 0.66375,
    "precision": 0.40897097625329815,
    "recall": 0.775,
    "f1_score": 0.5354058721934369,
    "auc_roc": 0.7608708333333333
  },
  "confusion_matrix": {
    "true_positives": 155,
    "true_negatives": 376,
    "false_positives": 224,
    "false_negatives": 45
  },
  "similarity_stats": {
    "positive_mean": 0.8023653626441956,
    "positive_std": 0.06111704558134079,
    "negative_mean": 0.7059474587440491,
    "negative_std": 0.1126517727971077,
    "separation": 0.09641790390014648
  },
  "dataset_size": 800,
  "checkpoint": "phase1_pretraining/best_checkpoint.pt",
  "dataset_path": "preprocess/learning_curve_v7/frac_50/validation.jsonl"
}