{
  "final_loss": 0.6416393658428481,
  "epoch_losses": [
    1.9180499748750166,
    1.6932328072461216,
    1.5483769611878828,
    1.3476521535353227,
    1.2829367193308743,
    1.148954861091845,
    1.0928840203718706,
    1.0037916374929023,
    0.963395764430364,
    0.9075083461674777,
    0.7994599504904314,
    0.7931454136516108,
    0.7276742855707804,
    0.7153819686535633,
    0.6416393658428481
  ],
  "validation_losses": [
    1.7501335144042969,
    1.370334267616272,
    1.3440552751223247,
    1.389989283349779,
    1.239721761809455,
    1.2073747250768874,
    1.1159014238251581,
    0.9331533312797546,
    1.1097001499599881,
    1.054439087708791,
    0.9994904663827684,
    0.9094630546040006,
    1.0217131243811712,
    0.8834235072135925,
    0.9242281119028727
  ],
  "training_time": 32.98573398590088,
  "total_batches": 495,
  "total_samples": 31230,
  "checkpoint_paths": [
    "phase1_pretraining/checkpoint_epoch_14.pt"
  ],
  "metrics": {
    "total_samples_processed": 31230,
    "total_triplets_created": 8175,
    "checkpoint_saves": 1,
    "training_start_time": 1776119928.228317,
    "training_end_time": 1776119961.214051
  }
}