{
  "final_loss": 0.9409405440092087,
  "epoch_losses": [
    2.0490844740587124,
    1.8128814346650068,
    1.6794429701917313,
    1.5701946230495678,
    1.5146214962005615,
    1.4098208932315601,
    1.343463608447243,
    1.3159259592785555,
    1.2450596900547253,
    1.1312262591193705,
    1.1465851384050705,
    1.1205440268797033,
    1.0636761626776527,
    0.9559731211732415,
    0.9409405440092087
  ],
  "validation_losses": [
    1.9001397954093084,
    1.80895115269555,
    1.708976149559021,
    1.7770260572433472,
    1.6155230071809557,
    1.6734639936023288,
    1.485732979244656,
    1.5423931545681424,
    1.3904176155726116,
    1.3768563734160528,
    1.2679893374443054,
    1.4205461078219943,
    1.2989863091044955,
    1.2868005434672039,
    1.2490802076127794
  ],
  "training_time": 1213.2001910209656,
  "total_batches": 255,
  "total_samples": 15600,
  "checkpoint_paths": [
    "phase1_pretraining/checkpoint_epoch_14.pt"
  ],
  "metrics": {
    "total_samples_processed": 15600,
    "total_triplets_created": 4080,
    "checkpoint_saves": 1,
    "training_start_time": 1775123432.626046,
    "training_end_time": 1775124645.826237
  }
}