{
  "final_loss": 0.379342722967267,
  "epoch_losses": [
    1.7877823150157928,
    1.354378103017807,
    1.1253098738193512,
    0.9296976885199547,
    0.7992080134153366,
    0.7155220025777816,
    0.6234099504351616,
    0.5827852919697761,
    0.5373459342867136,
    0.49060276031494143,
    0.4569867405295372,
    0.4170870839059353,
    0.43409145534038546,
    0.39452825669199226,
    0.379342722967267
  ],
  "validation_losses": [
    1.4611930388670702,
    1.340369151188777,
    1.1709727874168983,
    1.0020475433422968,
    0.8082729761417096,
    0.6917321212016619,
    0.6386969742866663,
    0.7008211612701416,
    0.5845818164256903,
    0.6263966881311857,
    0.5914278890077884,
    0.5494688101685964,
    0.6147153538007003,
    0.5886795016435477,
    0.6669806058590229
  ],
  "training_time": 176.97092604637146,
  "total_batches": 1500,
  "total_samples": 96000,
  "checkpoint_paths": [
    "phase1_pretraining/checkpoint_epoch_4.pt",
    "phase1_pretraining/checkpoint_epoch_14.pt",
    "phase1_pretraining/checkpoint_epoch_9.pt"
  ],
  "metrics": {
    "total_samples_processed": 96000,
    "total_triplets_created": 24000,
    "checkpoint_saves": 3,
    "training_start_time": 1776569890.97377,
    "training_end_time": 1776570067.944696
  }
}