{
  "phase": "phase1_contrastive",
  "evaluation_method": "cosine_similarity",
  "optimal_threshold": 0.48,
  "metrics": {
    "accuracy": 0.7225,
    "precision": 0.4666666666666667,
    "recall": 0.77,
    "f1_score": 0.5811320754716981,
    "auc_roc": 0.7885416666666667
  },
  "confusion_matrix": {
    "true_positives": 154,
    "true_negatives": 424,
    "false_positives": 176,
    "false_negatives": 46
  },
  "similarity_stats": {
    "positive_mean": 0.7811806201934814,
    "positive_std": 0.07278601080179214,
    "negative_mean": 0.6567793488502502,
    "negative_std": 0.1280636489391327,
    "separation": 0.1244012713432312
  },
  "dataset_size": 800,
  "checkpoint": "phase1_pretraining/best_checkpoint.pt",
  "dataset_path": "preprocess/data_splits_v7/validation.jsonl"
}