{
  "phase": "phase1_contrastive",
  "evaluation_method": "cosine_similarity",
  "optimal_threshold": 0.54,
  "metrics": {
    "accuracy": 0.5076923076923077,
    "precision": 0.33695652173913043,
    "recall": 0.9117647058823529,
    "f1_score": 0.49206349206349204,
    "auc_roc": 0.689031862745098
  },
  "confusion_matrix": {
    "true_positives": 124,
    "true_negatives": 140,
    "false_positives": 244,
    "false_negatives": 12
  },
  "similarity_stats": {
    "positive_mean": 0.8393657803535461,
    "positive_std": 0.050348538905382156,
    "negative_mean": 0.7810342907905579,
    "negative_std": 0.09376827627420425,
    "separation": 0.05833148956298828
  },
  "dataset_size": 520,
  "checkpoint": "phase1_pretraining/best_checkpoint.pt",
  "dataset_path": "preprocess/learning_curve/frac_50/validation.jsonl"
}