{
  "phase": "phase1_contrastive",
  "evaluation_method": "cosine_similarity",
  "optimal_threshold": 0.41999999999999993,
  "metrics": {
    "accuracy": 0.45576923076923076,
    "precision": 0.32116788321167883,
    "recall": 0.9705882352941176,
    "f1_score": 0.4826325411334552,
    "auc_roc": 0.6683517156862746
  },
  "confusion_matrix": {
    "true_positives": 132,
    "true_negatives": 105,
    "false_positives": 279,
    "false_negatives": 4
  },
  "similarity_stats": {
    "positive_mean": 0.8116706609725952,
    "positive_std": 0.05157428979873657,
    "negative_mean": 0.7591010928153992,
    "negative_std": 0.09037048369646072,
    "separation": 0.052569568157196045
  },
  "dataset_size": 520,
  "checkpoint": "phase1_pretraining/best_checkpoint.pt",
  "dataset_path": "preprocess/learning_curve/frac_50/validation.jsonl"
}