{
  "phase": "phase1_contrastive",
  "evaluation_method": "cosine_similarity",
  "optimal_threshold": 0.54,
  "metrics": {
    "accuracy": 0.551923076923077,
    "precision": 0.34796238244514105,
    "recall": 0.8161764705882353,
    "f1_score": 0.4879120879120879,
    "auc_roc": 0.6601945465686274
  },
  "confusion_matrix": {
    "true_positives": 111,
    "true_negatives": 176,
    "false_positives": 208,
    "false_negatives": 25
  },
  "similarity_stats": {
    "positive_mean": 0.8116357326507568,
    "positive_std": 0.05475408956408501,
    "negative_mean": 0.7583691477775574,
    "negative_std": 0.09776738286018372,
    "separation": 0.05326658487319946
  },
  "dataset_size": 520,
  "checkpoint": "phase1_pretraining/best_checkpoint.pt",
  "dataset_path": "preprocess/learning_curve/frac_50/validation.jsonl"
}