{
  "final_loss": 0.6363995403659587,
  "epoch_losses": [
    1.997741317262455,
    1.7070783838933827,
    1.5717968794764305,
    1.444180107846552,
    1.3381669010434831,
    1.2334352415435168,
    1.158268013778998,
    1.0629036645500027,
    1.0190411708792861,
    0.9813842907243845,
    0.8683726392230209,
    0.8220227464121215,
    0.762664473786646,
    0.7246374493958999,
    0.6363995403659587
  ],
  "validation_losses": [
    1.9750028848648071,
    1.620665470759074,
    1.4183759027057223,
    1.3930964999728732,
    1.3859662612279255,
    1.2201895382669237,
    1.2503719925880432,
    1.1870926419893901,
    1.2802926103274028,
    1.0998662379052904,
    1.1326107382774353,
    1.0722296039263408,
    0.9099012282159593,
    0.8711373607317606,
    0.8901786539289687
  ],
  "training_time": 2065.437266111374,
  "total_batches": 735,
  "total_samples": 46860,
  "checkpoint_paths": [
    "phase1_pretraining/checkpoint_epoch_14.pt"
  ],
  "metrics": {
    "total_samples_processed": 46860,
    "total_triplets_created": 12270,
    "checkpoint_saves": 1,
    "training_start_time": 1776102835.431825,
    "training_end_time": 1776104900.869091
  }
}