{
  "final_loss": 1.220364783491407,
  "epoch_losses": [
    2.1844905274254933,
    1.9773329496383667,
    2.0411128316606795,
    1.7775553635188512,
    1.7673048632485526,
    1.6795339584350586,
    1.6024209090641566,
    1.4204541274479456,
    1.3912851299558366,
    1.2637567690440588,
    1.3873712505613054,
    1.3771278347287859,
    1.253642507961818,
    1.224610550062997,
    1.220364783491407
  ],
  "validation_losses": [
    2.1072631809446545,
    2.177279790242513,
    1.971595287322998,
    1.9522708786858454,
    1.9856073591444228,
    1.8835937447018094,
    1.7418867746988933,
    1.801174243291219,
    1.6601516008377075,
    1.7520445320341322,
    1.8918788697984483,
    1.765637199083964,
    1.7513260973824396,
    1.7062321768866644,
    1.5996845033433702
  ],
  "training_time": 446.3859279155731,
  "total_batches": 105,
  "total_samples": 6240,
  "checkpoint_paths": [
    "phase1_pretraining/checkpoint_epoch_14.pt"
  ],
  "metrics": {
    "total_samples_processed": 6240,
    "total_triplets_created": 1635,
    "checkpoint_saves": 1,
    "training_start_time": 1775120860.446799,
    "training_end_time": 1775121306.832727
  }
}