{
  "final_loss": 0.6439100354909897,
  "epoch_losses": [
    1.9799708994952114,
    1.706888906883471,
    1.6005572550224536,
    1.414040901444175,
    1.3051249240383958,
    1.2118901520064382,
    1.136584390293468,
    1.0460391893531338,
    0.9708434090469823,
    0.9084531971902559,
    0.8817957838376363,
    0.7815296180320509,
    0.7325103481610616,
    0.6754287409059929,
    0.6439100354909897
  ],
  "validation_losses": [
    1.8953716490003798,
    1.669119954109192,
    1.4180261823866103,
    1.2530211210250854,
    1.4354618787765503,
    1.4093806213802762,
    1.232888142267863,
    1.113896581861708,
    1.1879752145873175,
    1.0495574275652568,
    0.99524015850491,
    1.0722064707014296,
    1.1032609674665663,
    1.0427048140101962,
    0.8802310162120395
  ],
  "training_time": 2181.548999071121,
  "total_batches": 495,
  "total_samples": 31230,
  "checkpoint_paths": [
    "phase1_pretraining/checkpoint_epoch_14.pt"
  ],
  "metrics": {
    "total_samples_processed": 31230,
    "total_triplets_created": 8175,
    "checkpoint_saves": 1,
    "training_start_time": 1775128837.596624,
    "training_end_time": 1775131019.145623
  }
}