{
  "phase": "phase1_contrastive",
  "evaluation_method": "cosine_similarity",
  "optimal_threshold": 0.48,
  "metrics": {
    "accuracy": 0.4807692307692308,
    "precision": 0.32460732984293195,
    "recall": 0.9117647058823529,
    "f1_score": 0.47876447876447875,
    "auc_roc": 0.6586818321078433
  },
  "confusion_matrix": {
    "true_positives": 124,
    "true_negatives": 126,
    "false_positives": 258,
    "false_negatives": 12
  },
  "similarity_stats": {
    "positive_mean": 0.8138344883918762,
    "positive_std": 0.058438945561647415,
    "negative_mean": 0.763200581073761,
    "negative_std": 0.09234461933374405,
    "separation": 0.050633907318115234
  },
  "dataset_size": 520,
  "checkpoint": "phase1_pretraining/best_checkpoint.pt",
  "dataset_path": "preprocess/learning_curve/frac_50/validation.jsonl"
}