{
  "final_loss": 1.411261698778938,
  "epoch_losses": [
    2.3593224497402416,
    2.1321396477082195,
    2.0094957562053906,
    1.8320808971629423,
    1.793414831161499,
    1.925224647802465,
    1.8377083259470322,
    1.832002646782819,
    1.7061651980175692,
    1.617699889575734,
    1.6423032949952518,
    1.5442293303854324,
    1.5616585752543282,
    1.5244649052619934,
    1.411261698778938
  ],
  "validation_losses": [
    2.347307152218289,
    2.0912392934163413,
    2.1239384942584567,
    1.9733570284313626,
    1.930078599188063,
    2.142149051030477,
    2.0614602830674915,
    1.962715016471015,
    1.8779321644041274,
    1.967393610212538,
    2.116532815827264,
    1.8748750421735976,
    1.9546988010406494,
    1.984757079018487,
    1.8346885442733765
  ],
  "training_time": 1173.5993881225586,
  "total_batches": 255,
  "total_samples": 15600,
  "checkpoint_paths": [
    "phase1_pretraining/checkpoint_epoch_14.pt"
  ],
  "metrics": {
    "total_samples_processed": 15600,
    "total_triplets_created": 4080,
    "checkpoint_saves": 1,
    "training_start_time": 1773294946.2671518,
    "training_end_time": 1773296119.86654
  }
}